Date,Open,High,Low,Close,Adj Close,Volume,Days
2018-02-12,144.1875,146.75,141.25,141.75,141.75,441280,0
2018-02-13,139.5,142.75,137.75,141.5625,141.5625,318416,1
2018-02-14,138.1875,150.25,137.375,149.125,149.125,652272,2
2018-02-15,146.75,152.75,144.25,152.25,152.25,537104,3
2018-02-16,150.625,155,149.625,153.5,153.5,538560,4
2018-02-20,154.4375,158.3125,153.375,154.3125,154.3125,394112,5
2018-02-21,152.8125,155.8125,152.0625,152.1875,152.1875,255216,6
2018-02-22,156.25,161.875,154.625,159.6875,159.6875,396272,7
2018-02-23,160.25,165.25,159.75,164.5625,164.5625,285920,8
2018-02-26,163.375,168.125,162.125,166.875,166.875,286928,9
2018-02-27,166.3125,166.375,160.4375,161.25,161.25,336624,10
2018-02-28,162.875,164.0625,153.25,153.875,153.875,543008,11
2018-03-01,151.1875,153.9375,147.3125,153.4375,153.4375,715264,12
2018-03-02,150.125,153.8125,147.3125,153.5625,153.5625,437952,13
2018-03-05,152.875,160.3125,152.4375,159.3125,159.3125,368256,14
2018-03-06,159.9375,160.3125,157.4375,158.8125,158.8125,284560,15
2018-03-07,157,159.5625,149.5,153.375,153.375,639312,16
2018-03-08,152.875,152.9375,146.6875,148.5625,148.5625,526016,17
2018-03-09,151.75,157,151.375,156.5,156.5,448288,18
2018-03-12,154.9375,155.625,150.125,153.5625,153.5625,348336,19
2018-03-13,152.5,156.75,148.5,150.5,150.5,494192,20
2018-03-14,151.6875,153,147.9375,151.5625,151.5625,462704,21
2018-03-15,153.5,154.8125,151.6875,153.125,153.125,302800,22
2018-03-16,153.5625,159.875,152.6875,158.4375,158.4375,486784,23
2018-03-19,158.6875,158.8125,154.125,157.9375,157.9375,354944,24
2018-03-20,163.4375,166.8125,162.375,164.5,164.5,438400,25
2018-03-21,168.5625,174.9375,167.625,174.1875,174.1875,533680,26
2018-03-22,169.75,170.8125,167.6875,168.0625,168.0625,360464,27
2018-03-23,171.8125,177.3125,171.5,176.8125,176.8125,522160,28
2018-03-26,175.375,176.625,172.4375,174.875,174.875,316592,29
2018-03-27,176.8125,176.875,170.125,171.125,171.125,386048,30
2018-03-28,169.75,172.6875,165.3125,170.3125,170.3125,472400,31
2018-03-29,169.1875,173.375,167.6875,171.875,171.875,307536,32
2018-04-02,168.5625,168.5625,161.3125,162.375,162.375,448512,33
2018-04-03,163.4375,165.375,161.9375,164.25,164.25,274768,34
2018-04-04,157.5,164.5625,156.6875,164.375,164.375,639568,35
2018-04-05,164.0625,167.1875,162.3125,164.625,164.625,297312,36
2018-04-06,163.8125,164.9375,155.375,156.3125,156.3125,389200,37
2018-04-09,161,164.3125,160.4375,162.6875,162.6875,278768,38
2018-04-10,169.25,175.4375,169.125,174.875,174.875,473952,39
2018-04-11,176.375,183.875,174.9375,180.0625,180.0625,460544,40
2018-04-12,178.75,182.25,176.1875,181.5,181.5,463424,41
2018-04-13,182.25,185.125,181.3125,182.8125,182.8125,316128,42
2018-04-16,181.1875,181.5,177.6875,178.625,178.625,248816,43
2018-04-17,175.75,179.8125,174.9375,179.25,179.25,266848,44
2018-04-18,186.8125,192.125,185.125,191.4375,191.4375,655680,45
2018-04-19,193.8125,194.9375,187.6875,189,189,423264,46
2018-04-20,185.9375,191,184.9375,188.8125,188.8125,362448,47
2018-04-23,185.1875,193.875,183.625,193.5625,193.5625,530720,48
2018-04-24,191.75,195.6875,185.8125,187,187,617264,49
2018-04-25,187.3125,189.25,183.5,188.5625,188.5625,411456,50
2018-04-26,191.625,191.625,187.125,189.625,189.625,300528,51
2018-04-27,187.4375,190.375,187.0625,188.6875,188.6875,284672,52
2018-04-30,185.5625,196,185.1875,190.625,190.625,675680,53
2018-05-01,187.6875,187.8125,182.3125,185.0625,185.0625,424336,54
2018-05-02,183.4375,188.75,182.5,186.5,186.5,770640,55
2018-05-03,185.625,191.3125,184.0625,190.625,190.625,378976,56
2018-05-04,190.875,199.0625,190.6875,197.8125,197.8125,499008,57
2018-05-07,201.1875,204.3125,196.75,198.6875,198.6875,688528,58
2018-05-08,201.1875,201.875,186.125,197.8125,197.8125,1868480,59
2018-05-09,203.375,207.1875,203.3125,205.9375,205.9375,513856,60
2018-05-10,206.1875,208.0625,202.625,207.1875,207.1875,492448,61
2018-05-11,206.25,207.75,202.375,202.8125,202.8125,393120,62
2018-05-14,204,206.9375,203.75,206.375,206.375,421664,63
2018-05-15,206.1875,208.0625,202.5625,206.8125,206.8125,592944,64
2018-05-16,205.625,209.25,204.125,208.9375,208.9375,510800,65
2018-05-17,211.125,213.4375,206.8125,209.6875,209.6875,634704,66
2018-05-18,208,209.6875,206.125,207.875,207.875,528768,67
2018-05-21,209.4375,214.75,208.875,214.4375,214.4375,451360,68
2018-05-22,214.1875,216.6875,211.3125,211.6875,211.6875,701760,69
2018-05-23,210.9375,212,206.625,210,210,544192,70
2018-05-24,203.5625,206.8125,203.0625,203.5,203.5,482080,71
2018-05-25,193.0625,193.1875,185.25,186.375,186.375,824272,72
2018-05-29,183.125,184.0625,176.8125,181.5,181.5,660912,73
2018-05-30,183.5625,190.75,183.375,190.25,190.25,584672,74
2018-05-31,183.4375,188.9375,180.1875,182.8125,182.8125,634784,75
2018-06-01,178.6875,181.625,174.5,174.625,174.625,554640,76
2018-06-04,176.125,176.75,169.5625,171.125,171.125,426112,77
2018-06-05,168.5625,174.625,167.9375,173.5625,173.5625,622496,78
2018-06-06,172.75,174.25,167.8125,172.0625,172.0625,580240,79
2018-06-07,173.25,177.25,172.875,176.5625,176.5625,380192,80
2018-06-08,176.125,178.0625,172.375,174.875,174.875,310608,81
2018-06-11,172.25,178.625,171.5625,176.9375,176.9375,304608,82
2018-06-12,176.8125,180.5,176.5,177.875,177.875,305824,83
2018-06-13,176.75,181.3125,176.25,180,180,394768,84
2018-06-14,182,182.3125,177.875,180.625,180.625,315584,85
2018-06-15,178.4375,178.5625,168,168.125,168.125,542688,86
2018-06-18,171.3125,175.5,170.1875,174.25,174.25,319504,87
2018-06-19,169.6875,172.5,167.3125,171,171,322096,88
2018-06-20,175.25,177.875,170.875,173.5625,173.5625,450880,89
2018-06-21,170.3125,176.1875,169.4375,173.25,173.25,365984,90
2018-06-22,183.0625,190.1875,180.6875,189.875,189.875,917408,91
2018-06-25,186.9375,187.75,182.6875,184.4375,184.4375,588816,92
2018-06-26,186.9375,196.6875,183.625,195.5625,195.5625,512608,93
2018-06-27,201.0625,208.6875,200.75,205.125,205.125,492832,94
2018-06-28,206.75,213.625,205.9375,209.75,209.75,453088,95
2018-06-29,212.75,216.5,212.4375,214.875,214.875,343744,96
2018-07-02,213.1875,213.1875,208.4375,209.3125,209.3125,324928,97
2018-07-03,215,216.6875,202.6875,207.125,207.125,409616,98
2018-07-05,210.3125,211.875,202.125,204.8125,204.8125,395840,99
2018-07-06,202.25,209.8125,201.9375,208.9375,208.9375,325888,100
2018-07-09,210.25,212.8125,206.6875,212.75,212.75,266992,101
2018-07-10,215.8125,217.4375,212.5,214.625,214.625,217952,102
2018-07-11,209.75,213.875,190.5625,193.6875,193.6875,825696,103
2018-07-12,194.9375,196.9375,188.9375,195.25,195.25,506048,104
2018-07-13,196.375,202.875,195.625,197.4375,197.4375,403072,105
2018-07-16,190.0625,190.875,180.875,183.125,183.125,593152,106
2018-07-17,180.4375,185.6875,178.875,183.125,183.125,786288,107
2018-07-18,180.625,187.4375,178.8125,187.0625,187.0625,494416,108
2018-07-19,186.6875,192.25,185.4375,187.6875,187.6875,569952,109
2018-07-20,189.5,190.4375,186.375,188.3125,188.3125,337392,110
2018-07-23,193,195.125,185.75,186.8125,186.8125,427680,111
2018-07-24,187.5,193.625,187.4375,190.4375,190.4375,273232,112
2018-07-25,192.0625,197.25,189.125,195.625,195.625,356416,113
2018-07-26,193.5,198.5625,193.25,196.875,196.875,294272,114
2018-07-27,196.375,197.8125,189.3125,192.8125,192.8125,265520,115
2018-07-30,200.125,201.4375,198.1875,198.75,198.75,221616,116
2018-07-31,194.25,194.75,190.4375,191.875,191.875,256016,117
2018-08-01,186.1875,190,184,186.5,186.5,360256,118
2018-08-02,184.4375,195.0625,183.6875,193.3125,193.3125,274528,119
2018-08-03,192.125,193.25,186.9375,191,191,265152,120
2018-08-06,194.625,198.25,191.9375,192.25,192.25,340976,121
2018-08-07,195.25,196.8125,193.125,193.375,193.375,206176,122
2018-08-08,188.625,188.875,178.375,181.25,181.25,648544,123
2018-08-09,183.125,184.5,180.3125,180.6875,180.6875,221376,124
2018-08-10,183.875,186.8125,183.5625,185.6875,185.6875,235008,125
2018-08-13,184,185.125,175.6875,183.875,183.875,373472,126
2018-08-14,189.4375,189.4375,180.9375,183.5625,183.5625,278464,127
2018-08-15,178.4375,178.4375,169.75,172.0625,172.0625,397488,128
2018-08-16,173.3125,175.375,172.125,174.8125,174.8125,243568,129
2018-08-17,179.125,179.3125,173.9375,176.0625,176.0625,320864,130
2018-08-20,175.75,178.5625,175,177.0625,177.0625,223424,131
2018-08-21,182.0625,182.5,178.625,179.125,179.125,254480,132
2018-08-22,186.6875,191.4375,184.9375,190.5,190.5,458400,133
2018-08-23,188.8125,191.4375,187.625,190.625,190.625,256624,134
2018-08-24,196.9375,198.5625,192.5625,194.375,194.375,482704,135
2018-08-27,196.1875,196.6875,194.375,196.5,196.5,204880,136
2018-08-28,197.125,197.125,192.625,194.8125,194.8125,201104,137
2018-08-29,197.5625,201,195.75,200.75,200.75,291552,138
2018-08-30,202,205,200.375,202.75,202.75,251712,139
2018-08-31,202.4375,203.6875,200.25,201.6875,201.6875,161216,140
2018-09-04,206,206.4375,197.625,198.875,198.875,370528,141
2018-09-05,198.8125,200.375,194.875,196.1875,196.1875,258912,142
2018-09-06,195.625,196.375,185.8125,191.3125,191.3125,396320,143
2018-09-07,187,191.4375,185.625,191.1875,191.1875,249616,144
2018-09-10,194,194.8125,188.5625,189.625,189.625,273696,145
2018-09-11,191,200.5625,190.1875,199.6875,199.6875,362192,146
2018-09-12,203.875,209.625,203.3125,204.5,204.5,421968,147
2018-09-13,200,201.5625,193.75,196.4375,196.4375,389904,148
2018-09-14,196.125,202.4375,191.625,196.9375,196.9375,371456,149
2018-09-17,199.4375,201.1875,194.5625,195.9375,195.9375,288640,150
2018-09-18,201.875,205.1875,199.125,201.75,201.75,360384,151
2018-09-19,203.25,208.9375,203.125,208.75,208.75,335440,152
2018-09-20,211.0625,211.5625,204.375,205,205,301072,153
2018-09-21,210.1875,214.6875,204.125,209.125,209.125,643104,154
2018-09-24,216.6875,220.3125,215,217.5,217.5,408000,155
2018-09-25,219.125,220.625,215.375,217.875,217.875,402560,156
2018-09-26,215.0625,217.0625,212.875,213.5,213.5,347520,157
2018-09-27,217.5,217.6875,214.3125,217.375,217.375,232144,158
2018-09-28,217.125,226.25,216.75,224.75,224.75,409024,159
2018-10-01,224.1875,238.875,222.75,237.375,237.375,514240,160
2018-10-02,237.3125,237.5,233.6875,235,235,318416,161
2018-10-03,234.5625,246,229.875,241.3125,241.3125,593376,162
2018-10-04,239.5625,239.625,226.9375,231.0625,231.0625,524064,163
2018-10-05,230.375,235.125,226.9375,229.9375,229.9375,424544,164
2018-10-08,225.4375,229.625,224.625,228.9375,228.9375,238832,165
2018-10-09,232.0625,235.4375,227.75,232.8125,232.8125,285600,166
2018-10-10,231.5,231.625,220,220.375,220.375,319568,167
2018-10-11,215.5,216.75,206.3125,207.9375,207.9375,468544,168
2018-10-12,213,213.4375,206.75,212.25,212.25,296816,169
2018-10-15,212.3125,214.1875,208.5,212.875,212.875,292608,170
2018-10-16,211.8125,217.125,210.75,214.6875,214.6875,227504,171
2018-10-17,211.0625,211.25,201.25,205.1875,205.1875,427312,172
2018-10-18,197.4375,203,196.5625,197.9375,197.9375,347408,173
2018-10-19,201.5,204.4375,199.875,202.3125,202.3125,231664,174
2018-10-22,199.4375,203.125,196.6875,203,203,210112,175
2018-10-23,192.5625,193.4375,181.25,184.5,184.5,451168,176
2018-10-24,189.25,191.8125,184,184.0625,184.0625,280560,177
2018-10-25,187.6875,191.375,186.9375,188.3125,188.3125,210640,178
2018-10-26,186,192.6875,184.4375,191.8125,191.8125,281648,179
2018-10-29,189.3125,190.375,184.25,185.875,185.875,250208,180
2018-10-30,180.3125,187.25,179.6875,183.5,183.5,300816,181
2018-10-31,182.375,185.875,176.9375,177.375,177.375,384672,182
2018-11-01,178.75,178.9375,166.5625,168.625,168.625,467376,183
2018-11-02,167.625,170.0625,164.1875,165.1875,165.1875,387808,184
2018-11-05,169.6875,171.9375,164.625,164.9375,164.9375,365520,185
2018-11-06,167,167.625,157.3125,161.8125,161.8125,722832,186
2018-11-07,163.8125,165,156.9375,158.75,158.75,715664,187
2018-11-08,157.3125,158.9375,153.125,153.875,153.875,665616,188
2018-11-09,148.75,153.5,147.25,150.25,150.25,583776,189
2018-11-12,154.125,156.6875,144.125,145.375,145.375,751536,190
2018-11-13,143.5,144.9375,125,126.9375,126.9375,1637728,191
2018-11-14,133.6875,137,130.75,132.0625,132.0625,543504,192
2018-11-15,133,136.75,131.8125,133,133,525424,193
2018-11-16,137.5625,139.9375,130.375,134.6875,134.6875,592112,194
2018-11-19,130.375,137.3125,126.5,136.1875,136.1875,871568,195
2018-11-20,129.4375,131,114.625,117.1875,117.1875,1229344,196
2018-11-21,122.0625,128.3125,120.0625,122.1875,122.1875,655728,197
2018-11-23,108.375,109.625,104.75,107.9375,107.9375,934672,198
2018-11-26,109.5,111.5,108.25,109.3125,109.3125,527888,199
2018-11-27,109.625,112.125,103.5,109.6875,109.6875,785056,200
2018-11-28,107.4375,111,102.4375,103.875,103.875,1297280,201
2018-11-29,107.0625,111.125,105.6875,107.75,107.75,663488,202
2018-11-30,102.9375,108.8125,100.625,105,105,1282912,203
2018-12-03,115.3125,115.5625,110.625,115.4375,115.4375,915984,204
2018-12-04,115.125,117.25,113.1875,114.1875,114.1875,690608,205
2018-12-06,107.0625,110,102,108.9375,108.9375,1078976,206
2018-12-07,117,119.3125,111.375,112,112,838160,207
2018-12-10,107.25,110.3125,103.875,104.8125,104.8125,551024,208
2018-12-11,110.4375,111.5,106.8125,108.625,108.625,416160,209
2018-12-12,111.25,112.375,105.6875,106.1875,106.1875,564848,210
2018-12-13,104.75,115,104.375,113.9375,113.9375,673408,211
2018-12-14,111.5,111.5625,105.5,106.5625,106.5625,616112,212
2018-12-17,107.5,107.9375,98.625,99.25,99.25,811696,213
2018-12-18,98.4375,98.5625,85.75,87.25,87.25,1320352,214
2018-12-19,89.75,93.875,89.0625,90.625,90.625,683536,215
2018-12-20,86.8125,89.5,83.75,85.3125,85.3125,772064,216
2018-12-21,83.5,85.9375,81.9375,82.75,82.75,503920,217
2018-12-24,81.125,81.5625,77.5,77.6875,77.6875,333296,218
2018-12-26,76.3125,87.4375,76.25,87.375,87.375,869488,219
2018-12-27,81.8125,82.75,78.125,82.5,82.5,695456,220
2018-12-28,80.6875,82.5,78.125,80.5625,80.5625,662752,221
2018-12-31,82.1875,83.625,79.1875,83.125,83.125,652576,222
2019-01-02,78.75,90.0625,78,86.0625,86.0625,987728,223
2019-01-03,88.6875,88.875,82.6875,87.875,87.875,584096,224
2019-01-04,91.6875,95.5,89.75,91.8125,91.8125,913984,225
2019-01-07,93.5,97.75,92.8125,93.5625,93.5625,665072,226
2019-01-08,96.25,98.375,94.9375,97.5625,97.5625,559296,227
2019-01-09,103.1875,108.625,101.0625,107.625,107.625,1048432,228
2019-01-10,104.875,109.5625,104,108.5,108.5,657488,229
2019-01-11,106.25,107.875,103.0625,105.0625,105.0625,645760,230
2019-01-14,103.25,105.4375,99.8125,100.75,100.75,541216,231
2019-01-15,103.625,107.3125,103.625,106.4375,106.4375,461808,232
2019-01-16,105.6875,107.9375,103.25,107.625,107.625,575856,233
2019-01-17,104.3125,108.5625,102.125,107,107,810464,234
2019-01-18,108.875,113.625,107.4375,112.8125,112.8125,808064,235
2019-01-22,108.375,109.5625,105,109,109,611280,236
2019-01-23,109.875,110.125,104.25,107.375,107.375,594288,237
2019-01-24,107.5625,110.75,107.0625,109.6875,109.6875,430256,238
2019-01-25,110.5,112.25,109.4375,111.1875,111.1875,316848,239
2019-01-28,104.9375,105.625,102,105.375,105.375,770672,240
2019-01-29,108.5625,112.4375,108.5625,109.3125,109.3125,552272,241
2019-01-30,112.75,116.625,111.875,114.1875,114.1875,572352,242
2019-01-31,115.75,118.5,111.25,112.9375,112.9375,652176,243
2019-02-01,113.75,119.6875,113.75,118.4375,118.4375,538288,244
2019-02-04,113.5,116.1875,109.75,115.8125,115.8125,718432,245
2019-02-05,111.375,115.375,110.5625,111.4375,111.4375,642240,246
2019-02-06,110,113.875,108.625,112.375,112.375,543648,247
2019-02-07,110.8125,111.5,103.5625,107.125,107.125,646352,248
2019-02-08,108.0625,108.375,105.25,107.375,107.375,412176,249
2019-02-11,103,107,101.5625,106,106,538640,250
2019-02-12,112.25,112.5,108.4375,109.0625,109.0625,502848,251
2019-02-13,111.625,114.9375,111.625,112.6875,112.6875,530496,252
2019-02-14,111.4375,115.125,109.5625,114.875,114.875,556400,253
2019-02-15,117.875,120.25,117.1875,120,120,495312,254
2019-02-19,118.375,121.3125,118.0625,121,121,329152,255
2019-02-20,119.625,125.75,119.625,123.8125,123.8125,393376,256
2019-02-21,123.25,124.125,121.875,122.875,122.875,289408,257
2019-02-22,125.3125,126.5,124.0625,124.1875,124.1875,322192,258
2019-02-25,119.6875,120.5625,115.1875,116.4375,116.4375,634624,259
2019-02-26,117,118.875,116,117.625,117.625,359184,260
2019-02-27,121.5625,124.5625,120.1875,122.75,122.75,493056,261
2019-02-28,123.125,124.5625,121.75,123.625,123.625,253776,262
2019-03-01,123.625,125.1875,116.75,117.6875,117.6875,730816,263
2019-03-04,121.375,122.6875,118.1875,120.5,120.5,393888,264
2019-03-05,122.625,123,119.75,120.625,120.625,287296,265
2019-03-06,118.6875,120.25,116.25,119.375,119.375,434256,266
2019-03-07,121.0625,121.5,119.5,120.5,120.5,298368,267
2019-03-08,114.3125,119.0625,112.0625,118.75,118.75,882768,268
2019-03-11,121.75,122.375,119.75,121.5625,121.5625,419904,269
2019-03-12,123.4375,124.625,121.375,121.9375,121.9375,419552,270
2019-03-13,125.125,128.625,125.0625,128.1875,128.1875,773424,271
2019-03-14,128.6875,129.75,127.125,128.5625,128.5625,273872,272
2019-03-15,126.125,129.1875,125.5625,128.4375,128.4375,329872,273
2019-03-18,129,131.875,128.5625,130.875,130.875,314224,274
2019-03-19,132.25,132.8125,129.1875,129.9375,129.9375,366640,275
2019-03-20,129.875,135.125,129.5625,134.5625,134.5625,488144,276
2019-03-21,134.3125,135.6875,132.5,133.125,133.125,324832,277
2019-03-22,130.6875,130.6875,126.3125,129.125,129.125,681680,278
2019-03-25,128,131,125.9375,129.25,129.25,453696,279
2019-03-26,134.3125,135.5,132.4375,134,134,422272,280
2019-03-27,134.125,134.8125,128.625,131.0625,131.0625,392992,281
2019-03-28,127.1875,131.25,127.125,131.125,131.125,442592,282
2019-03-29,135.6875,135.8125,132.75,134.5625,134.5625,313392,283
2019-04-01,137.0625,141.5,136.1875,141.25,141.25,404272,284
2019-04-02,142.75,146.25,142.1875,145.75,145.75,489776,285
2019-04-03,145.4375,146.5625,143.0625,145.0625,145.0625,505728,286
2019-04-04,144.9375,146.25,142.3125,143.4375,143.4375,367440,287
2019-04-05,145.0625,148.9375,144.625,148.75,148.75,557280,288
2019-04-08,150.3125,154,150.3125,153.9375,153.9375,520672,289
2019-04-09,152.9375,153.375,150.4375,152.3125,152.3125,326064,290
2019-04-10,153.75,155.4375,152.5,154.5625,154.5625,282336,291
2019-04-11,152.9375,153.8125,149.375,151.25,151.25,701952,292
2019-04-12,153.625,154.1875,151.8125,152.25,152.25,363008,293
2019-04-15,150.5625,151.75,148.75,150.75,150.75,351760,294
2019-04-16,150.625,153.75,148.5,153.5625,153.5625,393696,295
2019-04-17,153.6875,153.9375,151.25,151.625,151.625,433216,296
2019-04-18,152.125,152.8125,150.5,152.625,152.625,236240,297
2019-04-22,159,161.1875,158.5625,159.75,159.75,469536,298
2019-04-23,160.625,163.75,160.625,162.8125,162.8125,336128,299
2019-04-24,163.25,163.3125,160.125,160.5,160.5,288832,300
2019-04-25,160.625,161.5625,156.625,157.0625,157.0625,264128,301
2019-04-26,153.6875,153.6875,143.9375,147,147,878480,302
2019-04-29,148.5,150.6875,146.4375,150.1875,150.1875,303136,303
2019-04-30,152.6875,153,148.9375,151.625,151.625,402128,304
2019-05-01,151.375,151.8125,146.5,150.0625,150.0625,319376,305
2019-05-02,143.1875,143.625,137.9375,140.75,140.75,871728,306
2019-05-03,142.125,145.0625,141.5625,141.9375,141.9375,361568,307
2019-05-06,140.625,147.1875,140.3125,146.5,146.5,328080,308
2019-05-07,140.25,141.5,136.75,139.1875,139.1875,516080,309
2019-05-08,140.125,144.4375,139.4375,142.5,142.5,426160,310
2019-05-09,141.125,142,138,140.875,140.875,419968,311
2019-05-10,140.5,143.25,140.1875,141.25,141.25,320496,312
2019-05-13,147.875,149.125,136.9375,137.6875,137.6875,716176,313
2019-05-14,141.25,143.5625,140.6875,141.75,141.75,286992,314
2019-05-15,139.875,144.875,139.625,144.3125,144.3125,341408,315
2019-05-16,146.9375,150.0625,146.625,148,148,286736,316
2019-05-17,148.4375,150.4375,145.5625,146.4375,146.4375,360592,317
2019-05-20,147.5625,149.5,145.5625,148.0625,148.0625,535056,318
2019-05-21,147.0625,148.5,145.9375,147.5,147.5,205504,319
2019-05-22,144.375,145.9375,137.75,138.9375,138.9375,630272,320
2019-05-23,130.8125,130.8125,121,124.5625,124.5625,1081088,321
2019-05-24,127.25,127.625,121.9375,127.5625,127.5625,363568,322
2019-05-28,130.1875,130.375,126.6875,127.375,127.375,446688,323
2019-05-29,123.375,128.4375,119.0625,127.9375,127.9375,1119792,324
2019-05-30,128.3125,128.75,116.875,117.5,117.5,944320,325
2019-05-31,111.375,113.0625,103.3125,104.1875,104.1875,1252160,326
2019-06-03,108.375,108.625,101.75,102.4375,102.4375,456224,327
2019-06-04,103.875,106.0625,101.6875,105.25,105.25,448960,328
2019-06-05,102.875,102.875,93.6875,98.125,98.125,987360,329
2019-06-06,97.625,104,96.125,103.5625,103.5625,651024,330
2019-06-07,101.75,107.875,101.5625,106.6875,106.6875,744864,331
2019-06-10,106.6875,108.875,103.0625,104.0625,104.0625,494928,332
2019-06-11,105.75,106.1875,102.875,104.1875,104.1875,507456,333
2019-06-12,100,100.4375,94.3125,95.5,95.5,1011472,334
2019-06-13,103.3125,103.375,98.5625,99.75,99.75,890288,335
2019-06-14,100.625,102.8125,99.5,100.9375,100.9375,461152,336
2019-06-17,99.25,100.9375,97.25,98.5625,98.5625,532784,337
2019-06-18,101.375,107.125,101.0625,106.0625,106.0625,749472,338
2019-06-19,103.8125,107.5,103.3125,107.375,107.375,587728,339
2019-06-20,114.25,118,113.0625,117.3125,117.3125,789856,340
2019-06-21,117.4375,119.75,117.3125,119.375,119.375,536560,341
2019-06-24,119,120.75,115.6875,120.1875,120.1875,704992,342
2019-06-25,120.75,122.1875,118.9375,120.1875,120.1875,449648,343
2019-06-26,125.75,128.5625,125,125.875,125.875,652064,344
2019-06-27,125.875,127.9375,125.4375,126,126,356416,345
2019-06-28,126.6875,127.0625,119.6875,120.75,120.75,497712,346
2019-07-01,128.5625,128.875,122.1875,125.375,125.375,642576,347
2019-07-02,124.1875,124.1875,112.75,114.125,114.125,786704,348
2019-07-03,116.3125,116.9375,113,115.375,115.375,265408,349
2019-07-05,116.875,119.375,116.25,118.8125,118.8125,401440,350
2019-07-08,119.5,122.375,117.9375,118.5,118.5,586624,351
2019-07-09,119.375,120.625,118.1875,120.5625,120.5625,418128,352
2019-07-10,126.375,130.9375,125.875,130.25,130.25,716208,353
2019-07-11,130.9375,132.3125,129.25,130.5625,130.5625,316720,354
2019-07-12,129.6875,131.25,128.4375,129.875,129.875,261280,355
2019-07-15,131.875,131.875,125.3125,125.6875,125.6875,319744,356
2019-07-16,126.875,129,116.3125,120.625,120.625,714512,357
2019-07-17,121.375,121.375,114.1875,114.5,114.5,675888,358
2019-07-18,115.0625,115.3125,107,110.6875,110.6875,840096,359
2019-07-19,110.75,113,108.125,112.375,112.375,584624,360
2019-07-22,111.75,113.25,110.9375,112.9375,112.9375,509104,361
2019-07-23,112.8125,115.5,111.0625,115.25,115.25,384720,362
2019-07-24,115.3125,118.0625,108.875,111.1875,111.1875,763568,363
2019-07-25,113.75,114.4375,111,111.125,111.125,420128,364
2019-07-26,112,113.3125,110.3125,112.25,112.25,417280,365
2019-07-29,114.5625,115.8125,110.8125,115.6875,115.6875,545600,366
2019-07-30,116,120.8125,115.4375,120.5,120.5,429312,367
2019-07-31,122,122.9375,119,119.625,119.625,526576,368
2019-08-01,116.375,116.5,101.375,104.9375,104.9375,1740352,369
2019-08-02,110,110.1875,107.375,107.625,107.625,625424,370
2019-08-05,104.5,109,104.3125,105.9375,105.9375,630416,371
2019-08-06,106.6875,107.0625,100.6875,101.875,101.875,469312,372
2019-08-07,95.625,96.625,89.75,96,96,1896128,373
2019-08-08,96.25,98.3125,95,97.625,97.625,427152,374
2019-08-09,102.625,105.3125,102.1875,103.3125,103.3125,717952,375
2019-08-12,105.0625,106.3125,103.0625,105.0625,105.0625,418240,376
2019-08-13,104.4375,115.4375,104,114.25,114.25,720672,377
2019-08-14,106.5,107.75,102.125,106.4375,106.4375,640048,378
2019-08-15,103.25,105.375,101.8125,103.75,103.75,508928,379
2019-08-16,104.4375,105.5625,102.6875,104.6875,104.6875,397936,380
2019-08-19,108.4375,110.125,106.75,109.5,109.5,647776,381
2019-08-20,108.0625,111.125,106,109.375,109.375,457376,382
2019-08-21,113.5,114.0625,108.25,109.3125,109.3125,405760,383
2019-08-22,110.3125,110.9375,105.6875,107.5,107.5,455696,384
2019-08-23,102.1875,105.3125,99.5625,101.9375,101.9375,1071504,385
2019-08-26,106.0625,107,100.8125,101.6875,101.6875,756928,386
2019-08-27,102.75,106.375,101.375,105.875,105.875,481328,387
2019-08-28,111.1875,112.4375,108.125,109.4375,109.4375,535040,388
2019-08-29,109.75,112.9375,109.625,111.9375,111.9375,445184,389
2019-08-30,111.5,111.6875,104.0625,106,106,848528,390
2019-09-03,99.375,102.5,97.8125,101.875,101.875,887088,391
2019-09-04,107.1875,111.75,107.125,110.75,110.75,895440,392
2019-09-05,112.5,116.4375,109.8125,110.5,110.5,660800,393
2019-09-06,106.1875,113.5625,105.3125,112.0625,112.0625,493280,394
2019-09-09,115,118.3125,114.375,117.75,117.75,607472,395
2019-09-10,118.75,120.8125,114.5625,115.8125,115.8125,518096,396
2019-09-11,116.3125,117.5,108.375,110.1875,110.1875,895760,397
2019-09-12,103.3125,107.125,102.6875,106.4375,106.4375,967504,398
2019-09-13,106.875,107.3125,104.75,105.6875,105.6875,339760,399
2019-09-16,125.3125,137.4375,124.5,130.8125,130.8125,2053264,400
2019-09-17,132.8125,132.9375,116.8125,119.5625,119.5625,1716480,401
2019-09-18,116.4375,119.125,114.1875,115.8125,115.8125,582064,402
2019-09-19,118.5,119.375,116.0625,117.625,117.625,404608,403
2019-09-20,118.4375,120,115.5625,117.625,117.625,378800,404
2019-09-23,116.75,118.5625,114.75,117.8125,117.8125,356048,405
2019-09-24,116.25,116.6875,111.1875,111.875,111.875,504624,406
2019-09-25,107.4375,110.4375,106.4375,109.9375,109.9375,520800,407
2019-09-26,108.0625,110.375,105.625,109.9375,109.9375,591792,408
2019-09-27,105.875,110.75,105.4375,107.5,107.5,720720,409
2019-09-30,104.75,106.375,100.1875,101.375,101.375,797712,410
2019-10-01,102.5,103.0625,96.75,98.75,98.75,876880,411
2019-10-02,99,99,93.5,95.25,95.25,795344,412
2019-10-03,92.5625,95.125,89.25,94.1875,94.1875,901968,413
2019-10-04,96.5625,97.6875,93.125,96.0625,96.0625,578624,414
2019-10-07,97.75,100.25,95.0625,96.0625,96.0625,543808,415
2019-10-08,93.1875,95.8125,92.4375,93.875,93.875,705968,416
2019-10-09,98.25,99.0625,94.1875,95.3125,95.3125,593872,417
2019-10-10,97.4375,99.1875,96.375,98.8125,98.8125,496176,418
2019-10-11,99.9375,103.75,99.9375,102.875,102.875,735696,419
2019-10-14,98.5,99.5625,96.25,98.9375,98.9375,410016,420
2019-10-15,98.375,99.9375,96.0625,96.9375,96.9375,360096,421
2019-10-16,96.25,99.75,96.25,98.375,98.375,255680,422
2019-10-17,96.9375,101.0625,95.875,100.625,100.625,378448,423
2019-10-18,101.4375,102.25,98.1875,99.625,99.625,324640,424
2019-10-21,96.4375,99.6875,96.375,99.1875,99.1875,323904,425
2019-10-22,101.25,103.4375,100.0625,101.8125,101.8125,536384,426
2019-10-23,100.6875,108.1875,100.5625,107.125,107.125,848240,427
2019-10-24,108.3125,110,107.8125,108.875,108.875,331632,428
2019-10-25,108.375,110.9375,106.5625,110.75,110.75,367616,429
2019-10-28,111,111.6875,106.5625,107.4375,107.4375,310928,430
2019-10-29,103.75,108,103.5,106.3125,106.3125,373088,431
2019-10-30,106.125,106.1875,102.5,103.875,103.875,485088,432
2019-10-31,102.6875,102.9375,99.6875,101,101,452848,433
2019-11-01,103.8125,109.125,103.5625,108.125,108.125,589136,434
2019-11-04,112.1875,113.25,109.5,110,110,390704,435
2019-11-05,112.1875,113.625,111.875,112.25,112.25,245856,436
2019-11-06,112.875,114.9375,108.25,109.75,109.75,543984,437
2019-11-07,112.875,114.8125,110.875,111.1875,111.1875,394432,438
2019-11-08,108.25,113.3125,106.6875,113.125,113.125,489056,439
2019-11-11,109.3125,112.9375,109.1875,111.125,111.125,289648,440
2019-11-12,112.75,113.75,109.875,111,111,305360,441
2019-11-13,109.8125,113.8125,109.625,112.625,112.625,299568,442
2019-11-14,114.0625,114.5625,110.5625,111.5625,111.5625,257856,443
2019-11-15,111.0625,115.6875,111,114.9375,114.9375,295248,444
2019-11-18,113.125,113.5,110.0625,111.25,111.25,425824,445
2019-11-19,107.9375,108.4375,104.25,105.25,105.25,570752,446
2019-11-20,107.0625,112.625,106.3125,111.3125,111.3125,559440,447
2019-11-21,114.0625,117.6875,113.8125,116.6875,116.6875,422240,448
2019-11-22,116.6875,117,113.0625,115,115,260912,449
2019-11-25,113.5625,115.625,112.375,114.9375,114.9375,260560,450
2019-11-26,116.4375,117.25,114.4375,116.5,116.5,238320,451
2019-11-27,116.0625,117.125,113.125,115.375,115.375,236352,452
2019-11-29,111.625,111.6875,104.1875,105.5,105.5,590560,453
2019-12-02,108.5625,108.875,105.625,106.75,106.75,393136,454
2019-12-03,106.4375,109.9375,105,108.0625,108.0625,552320,455
2019-12-04,113.6875,117,113.375,116.125,116.125,686304,456
2019-12-05,118.25,118.875,115.125,116.125,116.125,373280,457
2019-12-06,114.625,121.8125,114.625,118.5625,118.5625,496240,458
2019-12-09,117.25,119.5,117.125,118.625,118.625,213392,459
2019-12-10,118.1875,120.5625,117.5,119.75,119.75,232544,460
2019-12-11,118.75,119.3125,114.9375,117.875,117.875,268864,461
2019-12-12,118.1875,121.25,118.0625,119.3125,119.3125,269824,462
2019-12-13,120.25,124.5625,119.8125,121.5625,121.5625,336416,463
2019-12-16,123.4375,124.125,123.0625,123.4375,123.4375,164080,464
2019-12-17,124.6875,126.75,124.6875,126.125,126.125,185424,465
2019-12-18,124.875,127.375,124.25,126.4375,126.4375,204848,466
2019-12-19,126.8125,128.5,126.0625,127.125,127.125,148016,467
2019-12-20,126.5,126.5,123.5625,124.75,124.75,259248,468
2019-12-23,124.3125,126.5,124,126.25,126.25,160816,469
2019-12-24,126.875,128,126.6875,127.5,127.5,81264,470
2019-12-26,128.5625,130.8125,128.5625,129.875,129.875,136672,471
2019-12-27,130.625,131.125,128.5625,130.3125,130.3125,164320,472
2019-12-30,132.375,132.5625,127.6875,129.6875,129.6875,239840,473
2019-12-31,126.1875,130.8125,125.8125,127.875,127.875,216000,474
2020-01-02,127.6875,128.6875,125.875,128,128,274704,475
2020-01-03,137,137.9375,132.4375,135.375,135.375,718896,476
2020-01-06,137.9375,138.3125,134.1875,135.0625,135.0625,476640,477
2020-01-07,133.9375,135.5,132.1875,134.1875,134.1875,351088,478
2020-01-08,133.125,133.5,119.5,124.6875,124.6875,1002064,479
2020-01-09,120.8125,122.5,117.75,121.5625,121.5625,462544,480
2020-01-10,120.5625,121.4375,118.6875,119.9375,119.9375,264144,481
2020-01-13,118.0625,118.125,115.25,115.9375,115.9375,413376,482
2020-01-14,117.3125,118.1875,116.1875,117.3125,117.3125,322176,483
2020-01-15,116.1875,116.3125,113.25,115.4375,115.4375,320864,484
2020-01-16,116.125,118.875,115.9375,117.625,117.625,264816,485
2020-01-17,118.5,119.1875,116.75,118.25,118.25,247680,486
2020-01-21,116.4375,118.5625,116.1875,116.625,116.625,221712,487
2020-01-22,112.875,112.875,109.75,110.25,110.25,661200,488
2020-01-23,104.8125,106.75,102.8125,105.875,105.875,920720,489
2020-01-24,102.625,102.875,99.4375,101.375,101.375,997296,490
2020-01-27,95.6875,98.3125,94.375,95.875,95.875,897984,491
2020-01-28,96.9375,99.5625,96.0625,98.3125,98.3125,498272,492
2020-01-29,98.8125,98.9375,95.5,96.8125,96.8125,450720,493
2020-01-30,93.0625,95.5,91.4375,95.5,95.5,1012704,494
2020-01-31,91.8125,93.625,88.9375,91.375,91.375,1051248,495
2020-02-03,89.5625,91.125,85.1875,85.6875,85.6875,1233392,496
2020-02-04,88.4375,88.75,83.9375,84.5625,84.5625,905568,497
2020-02-05,89.5,91.8125,87,88.8125,88.8125,1003136,498
2020-02-06,87.8125,89.8125,86.25,89.25,89.25,559104,499
2020-02-07,87.0625,89.0625,86.0625,86.9375,86.9375,598128,500
2020-02-10,85.125,86.375,83.5,84,84,798848,501
2020-02-11,87.5,87.5625,84.5625,85.4375,85.4375,524960,502
2020-02-12,90.5,91.125,88.8125,90.4375,90.4375,875616,503
2020-02-13,90.5,91.8125,89.5,90.8125,90.8125,437840,504
2020-02-14,92.6875,93.25,91,92.6875,92.6875,454688,505
2020-02-18,89.5,92.8125,89.4375,92.6875,92.6875,381392,506
2020-02-19,95.625,97.375,94,96.25,96.25,520864,507
2020-02-20,98.6875,100.4375,97.4375,97.875,97.875,589184,508
2020-02-21,94.4375,96.5,93,95.625,95.625,567408,509
2020-02-24,86.875,89.6875,85.4375,88.5,88.5,1021120,510
2020-02-25,88.875,89.0625,83.125,83.4375,83.4375,850208,511
2020-02-26,82.8125,85.375,78.3125,79.6875,79.6875,1186128,512
2020-02-27,72.3125,76.5625,70.625,73.5,73.5,1334384,513
2020-02-28,68,69.125,64.4375,68.3125,68.3125,1333216,514
2020-03-02,71.4375,75,69.625,74.875,74.875,840128,515
2020-03-03,76.3125,78.8125,72.1875,74.5,74.5,1124384,516
2020-03-04,77.8125,78.1875,72.75,74.125,74.125,821120,517
2020-03-05,73.5,74,69.625,70.5625,70.5625,746304,518
2020-03-06,65.25,65.5,55.9375,57.5,57.5,2982608,519
2020-03-09,34.6875,39.375,29.125,29.3125,29.3125,6002032,520
2020-03-10,34.1875,36.4375,32.125,35.5625,35.5625,3315696,521
2020-03-11,33.3125,34.125,31.625,32.75,32.75,2015648,522
2020-03-12,28.0625,31.3125,28,28.875,28.875,2190560,523
2020-03-13,32.0625,34.1875,29,32.5,32.5,2422128,524
2020-03-16,24.75,27.4375,24.0625,24.5,24.5,3184384,525
2020-03-17,24.375,25.375,21.25,21.6875,21.6875,3475360,526
2020-03-18,16.9375,17.75,11.25,13.5625,13.5625,9149552,527
2020-03-19,13.6875,19.625,12.9375,16.75,16.75,7035184,528
2020-03-20,16.125,16.6875,12.5625,14.125,14.125,7492368,529
2020-03-23,12.8125,13.625,11.8125,13.5625,13.5625,6388304,530
2020-03-24,14.5,14.5625,13,14,14,4638448,531
2020-03-25,13.4375,15,12.75,14.5625,14.5625,4922736,532
2020-03-26,13.625,13.9375,12.1875,13.0625,13.0625,7502352,533
2020-03-27,11.5,11.5625,10.5625,11.25,11.25,10100944,534
2020-03-30,9.9375,10.25,8.9375,9.9375,9.9375,13898112,535
2020-03-31,10.625,10.625,9.6875,9.9375,9.9375,8339440,536
2020-04-01,10.0625,10.625,9.5,10.5625,10.5625,6286832,537
2020-04-02,11.5625,16.375,11.25,14.0625,14.0625,28280864,538
2020-04-03,17.1875,19.1875,15.8125,18.5,18.5,22765872,539
2020-04-06,16.6875,17.25,15.25,15.75,15.75,18477120,540
2020-04-07,15.6875,16.0625,12.4375,13.375,13.375,20568720,541
2020-04-08,13.375,15,12.6875,14.75,14.75,21484384,542
2020-04-09,14.75,16.6875,12,12.625,12.625,40840544,543
2020-04-13,12.8125,13.25,12.375,12.6875,12.6875,15795936,544
2020-04-14,12.125,12.25,11.25,11.75,11.75,20056640,545
2020-04-15,10.625,10.75,10,10.4375,10.4375,25717824,546
2020-04-16,10.25,10.25,9.1875,10.1875,10.1875,24555600,547
2020-04-17,9.75,10.1875,9.5625,9.875,9.875,18527792,548
2020-04-20,8.3125,8.9375,8,8.4375,8.4375,90234128,549
2020-04-21,5.825,6.1725,2.75,3.6425,3.6425,207308000,550
2020-04-22,4.1475,4.61,3.865,3.915,3.915,147116800,551
2020-04-23,4.605,4.9,3.995,4.4425,4.4425,132735200,552
2020-04-24,4.4375,4.5525,3.95,4.1325,4.1325,74407600,553
2020-04-27,3.165,3.2375,2.975,3.105,3.105,132653200,554
2020-04-28,3.1925,3.32,2.915,3.01,3.01,103622000,555
2020-04-29,3.23,3.375,3.1475,3.2075,3.2075,94574400,556
2020-04-30,3.5475,3.6675,3.1575,3.6575,3.6575,112055600,557
2020-05-01,3.5125,3.625,3.3375,3.48,3.48,62276400,558
2020-05-04,3.385,3.75,3.335,3.7475,3.7475,50804000,559
2020-05-05,4.035,4.3925,4.025,4.3775,4.3775,91051600,560
2020-05-06,4.1875,4.2575,3.845,4.05,4.05,88586000,561
2020-05-07,4.4125,4.435,3.82,3.89,3.89,93968000,562
2020-05-08,4.185,4.43,3.9775,4.345,4.345,82153600,563
2020-05-11,4.2925,4.3325,3.99,4.12,4.12,64561200,564
2020-05-12,4.1725,4.21,3.9825,4.0325,4.0325,54759600,565
2020-05-13,4.095,4.1825,3.81,3.9275,3.9275,54155200,566
2020-05-14,4,4.3875,3.9525,4.2975,4.2975,54550000,567
2020-05-15,4.4675,4.6875,4.3575,4.6525,4.6525,66263200,568
2020-05-18,5.29,5.5325,5.1425,5.3575,5.3575,75003600,569
2020-05-19,5.3825,5.445,5.135,5.2925,5.2925,52939600,570
2020-05-20,5.5375,5.7875,5.4925,5.74,5.74,70548000,571
2020-05-21,5.9875,6,5.68,5.865,5.865,67175600,572
2020-05-22,5.5625,5.7225,5.3,5.7125,5.7125,58064400,573
2020-05-26,5.945,6.025,5.665,5.9225,5.9225,57930400,574
2020-05-27,5.7325,5.795,5.35,5.5075,5.5075,69696000,575
2020-05-28,5.49,5.865,5.3525,5.6625,5.6625,62215600,576
2020-05-29,5.4675,6.3,5.425,6.1125,6.1125,78316000,577
2020-06-01,5.9275,6.325,5.895,6.285,6.285,63923600,578
2020-06-02,6.3225,6.655,6.3,6.6325,6.6325,54658400,579
2020-06-03,6.6075,6.91,6.41,6.6375,6.6375,80906400,580
2020-06-04,6.625,6.9125,6.54,6.7725,6.7725,51654800,581
2020-06-05,7.35,7.5725,7.31,7.4425,7.4425,62498000,582
2020-06-08,7.3025,7.385,7.005,7.0575,7.0575,69890400,583
2020-06-09,6.9425,7.3575,6.8725,7.225,7.225,50948000,584
2020-06-10,7.0875,7.6175,6.93,7.2925,7.2925,72498400,585
2020-06-11,6.475,6.66,6.055,6.255,6.255,85167200,586
2020-06-12,6.4875,6.58,6.1025,6.38,6.38,49222400,587
2020-06-15,5.895,6.695,5.8475,6.63,6.63,54642800,588
2020-06-16,7.105,7.3125,6.6475,6.9825,6.9825,69991200,589
2020-06-17,6.8975,7.045,6.735,6.8,6.8,37969600,590
2020-06-18,6.815,7.2025,6.7875,7.1275,7.1275,40334000,591
2020-06-19,7.555,7.6575,6.9525,7.325,7.325,63181600,592
2020-06-22,7.4225,7.7475,7.37,7.7175,7.7175,35628400,593
2020-06-23,7.8925,7.96,7.5,7.585,7.585,47058400,594
2020-06-24,7.3875,7.505,6.5325,6.7525,6.7525,62986000,595
2020-06-25,6.73,7.15,6.67,7.1225,7.1225,39331200,596
2020-06-26,6.965,6.9875,6.6925,6.8025,6.8025,36056000,597
2020-06-29,7.0325,7.3825,6.94,7.2825,7.2825,32560800,598
2020-06-30,7.075,7.43,7.0275,7.17,7.17,35694400,599
2020-07-01,7.31,7.41,7.11,7.32,7.32,35616400,600
2020-07-02,7.5625,7.685,7.315,7.505,7.505,39415600,601
2020-07-06,7.5425,7.785,7.53,7.6275,7.6275,26694400,602
2020-07-07,7.5625,7.75,7.515,7.5325,7.5325,21227600,603
2020-07-08,7.6575,7.7875,7.555,7.7375,7.7375,24338000,604
2020-07-09,7.6775,7.6925,7.21,7.315,7.315,34363200,605
2020-07-10,7.3575,7.7125,7.305,7.6525,7.6525,24691200,606
2020-07-13,7.63,7.7075,7.2975,7.3625,7.3625,25422000,607
2020-07-14,7.215,7.67,7.1775,7.565,7.565,25874400,608
2020-07-15,7.6825,7.9025,7.53,7.7975,7.7975,28046400,609
2020-07-16,7.725,7.86,7.6325,7.7025,7.7025,15544800,610
2020-07-17,7.715,7.75,7.465,7.6675,7.6675,16888400,611
2020-07-20,7.565,7.7525,7.3925,7.68,7.68,20866800,612
2020-07-21,8.145,8.2825,7.9775,8.0375,8.0375,28873600,613
2020-07-22,7.875,8.11,7.8175,8.04,8.04,18379200,614
2020-07-23,7.9375,8.125,7.6725,7.845,7.845,26484000,615
2020-07-24,7.8175,7.875,7.6325,7.83,7.83,21462000,616
2020-07-27,7.78,8.06,7.5825,7.99,7.99,33714400,617
2020-07-28,7.8375,7.885,7.7325,7.7825,7.7825,17372800,618
2020-07-29,7.925,8.005,7.8425,7.9125,7.9125,16910800,619
2020-07-30,7.5825,7.585,7.02,7.53,7.53,46143600,620
2020-07-31,7.605,7.66,7.355,7.61,7.61,23700400,621
2020-08-03,7.65,7.9075,7.58,7.7475,7.7475,23782800,622
2020-08-04,7.6875,8.18,7.6725,7.9875,7.9875,28800800,623
2020-08-05,8.575,8.68,8.185,8.24,8.24,31381200,624
2020-08-06,8.4,8.425,8.1575,8.195,8.195,23969600,625
2020-08-07,8.0375,8.0525,7.8775,8.015,8.015,23535200,626
2020-08-10,8.1725,8.27,8.07,8.1625,8.1625,24264400,627
2020-08-11,8.385,8.4225,7.99,8,8,31061200,628
2020-08-12,8.325,8.4625,8.24,8.355,8.355,30278400,629
2020-08-13,8.3375,8.425,8.2175,8.2925,8.2925,17086800,630
2020-08-14,8.21,8.305,8.1025,8.2625,8.2625,21031200,631
2020-08-17,8.2225,8.5275,8.2025,8.4825,8.4825,21659600,632
2020-08-18,8.2975,8.5225,8.2875,8.41,8.41,18306800,633
2020-08-19,8.3875,8.5125,8.305,8.435,8.435,19550400,634
2020-08-20,8.0875,8.385,7.9525,8.355,8.355,38543600,635
2020-08-21,8.0725,8.2025,7.875,8.15,8.15,45591200,636
2020-08-24,8.2475,8.3625,8.2,8.265,8.265,19548000,637
2020-08-25,8.5925,8.615,8.3975,8.5675,8.5675,23532800,638
2020-08-26,8.6425,8.705,8.5175,8.5825,8.5825,15619200,639
2020-08-27,8.55,8.55,8.22,8.42,8.42,29956800,640
2020-08-28,8.45,8.5075,8.35,8.465,8.465,13226800,641
2020-08-31,8.5425,8.55,8.2725,8.3525,8.3525,26004800,642
2020-09-01,8.41,8.5675,8.365,8.42,8.42,21775200,643
2020-09-02,8.395,8.4,7.875,8,8,39024000,644
2020-09-03,7.645,7.97,7.585,7.905,7.905,27145600,645
2020-09-04,7.785,7.805,7.27,7.3175,7.3175,34549600,646
2020-09-08,6.5,6.54,6.195,6.435,6.435,53843600,647
2020-09-09,6.4675,6.8675,6.4025,6.7275,6.7275,29272400,648
2020-09-10,6.6475,6.7625,6.4175,6.4425,6.4425,27475600,649
2020-09-11,6.5,6.66,6.4075,6.555,6.555,17047600,650
2020-09-14,6.4175,6.545,6.34,6.4925,6.4925,17964000,651
2020-09-15,6.57,6.8675,6.5125,6.775,6.775,25198400,652
2020-09-16,7.11,7.4025,7.0475,7.345,7.345,22240800,653
2020-09-17,7.2575,7.6375,7.2025,7.565,7.565,18518000,654
2020-09-18,7.545,7.655,7.395,7.4725,7.4725,13710800,655
2020-09-21,7.2975,7.345,6.815,7.1025,7.1025,23611200,656
2020-09-22,7.1325,7.2075,6.8875,7.055,7.055,15009600,657
2020-09-23,7.125,7.345,6.9675,6.98,6.98,21981200,658
2020-09-24,7.115,7.245,7.0325,7.1975,7.1975,14852800,659
2020-09-25,7.1125,7.215,7.045,7.1225,7.1225,10420400,660
2020-09-28,7.19,7.36,7.095,7.2775,7.2775,13224000,661
2020-09-29,7.1075,7.1175,6.63,6.8125,6.8125,26336400,662
2020-09-30,6.945,7.21,6.915,7.1125,7.1125,17701600,663
2020-10-01,6.86,6.9125,6.4075,6.75,6.75,34710000,664
2020-10-02,6.19,6.48,6.1275,6.2375,6.2375,39814400,665
2020-10-05,6.7625,7,6.7,6.905,6.905,32845200,666
2020-10-06,7.2225,7.32,7.045,7.09,7.09,22830000,667
2020-10-07,6.99,7.0825,6.86,7.0725,7.0725,18040400,668
2020-10-08,7.3475,7.4125,7.2225,7.3875,7.3875,21011200,669
2020-10-09,7.3325,7.435,7.125,7.185,7.185,15922800,670
2020-10-12,7.0525,7.055,6.75,6.915,6.915,18568400,671
2020-10-13,7.075,7.14,6.9875,7.0725,7.0725,12316400,672
2020-10-14,7.255,7.3175,7.2075,7.28,7.28,13762400,673
2020-10-15,6.88,7.2625,6.8475,7.2525,7.2525,18466800,674
2020-10-16,7.1025,7.225,6.985,7.175,7.175,11781600,675
2020-10-19,7.2225,7.29,7.1025,7.12,7.12,12805600,676
2020-10-20,7.0625,7.425,7.055,7.315,7.315,13984800,677
2020-10-21,7.12,7.1875,6.79,6.86,6.86,24330000,678
2020-10-22,6.96,7.155,6.9475,7.0375,7.0375,13680400,679
2020-10-23,7.0575,7.065,6.715,6.76,6.76,18720800,680
2020-10-26,6.5275,6.5775,6.35,6.4175,6.4175,24088800,681
2020-10-27,6.515,6.785,6.4775,6.6675,6.6675,17217600,682
2020-10-28,6.115,6.1825,5.9725,6.095,6.095,32528400,683
2020-10-29,5.505,5.825,5.4325,5.7725,5.7725,30122400,684
2020-10-30,5.655,5.7275,5.5325,5.67,5.67,16303200,685
2020-11-02,5.66,6.13,5.655,6.115,6.115,24072800,686
2020-11-03,6.395,6.415,6.1725,6.295,6.295,19500400,687
2020-11-04,6.45,6.68,6.27,6.6025,6.6025,22816800,688
2020-11-05,6.5825,6.7025,6.43,6.4675,6.4675,18836800,689
2020-11-06,6.33,6.345,6.0425,6.1625,6.1625,20819200,690
2020-11-09,7.0425,7.1425,6.815,6.83,6.83,44674800,691
2020-11-10,7.0725,7.1925,6.9675,7.16,7.16,32088800,692
2020-11-11,7.52,7.545,7.1825,7.2425,7.2425,19474400,693
2020-11-12,7.31,7.41,7.045,7.06,7.06,19390400,694
2020-11-13,6.995,7.0175,6.7775,6.8175,6.8175,13988000,695
2020-11-16,7.245,7.265,7.0325,7.0975,7.0975,16650800,696
2020-11-17,6.995,7.195,6.9475,7.14,7.14,14642000,697
2020-11-18,7.2275,7.3575,7.17,7.19,7.19,18029600,698
2020-11-19,7.165,7.2475,7.07,7.2125,7.2125,11649200,699
2020-11-20,7.155,7.3325,7.15,7.2925,7.2925,15315600,700
2020-11-23,7.45,7.505,7.3675,7.3775,7.3775,14567600,701
2020-11-24,7.725,8.1,7.7175,7.9875,7.9875,21278000,702
2020-11-25,8.245,8.39,8.095,8.26,8.26,18115200,703
2020-11-27,8.16,8.2625,8.1025,8.195,8.195,7326400,704
2020-11-30,8.135,8.205,7.905,8.05,8.05,16268000,705
2020-12-01,8.03,8.05,7.7475,7.87,7.87,10407200,706
2020-12-02,7.8725,8.25,7.8675,8.0325,8.0325,14936800,707
2020-12-03,7.975,8.1925,7.9325,8.12,8.12,14734800,708
2020-12-04,8.1725,8.39,8.165,8.2975,8.2975,12247200,709
2020-12-07,8.27,8.475,8.21,8.2475,8.2475,11901200,710
2020-12-08,8.175,8.295,8.0875,8.2575,8.2575,9268000,711
2020-12-09,8.3575,8.4,8.03,8.2225,8.2225,14382800,712
2020-12-10,8.49,8.875,8.4775,8.6025,8.6025,16694000,713
2020-12-11,8.575,8.615,8.4275,8.51,8.51,7837200,714
2020-12-14,8.6325,8.6725,8.2375,8.6375,8.6375,14520400,715
2020-12-15,8.7175,8.87,8.6775,8.83,8.83,10480000,716
2020-12-16,8.8425,8.98,8.7275,8.95,8.95,12146800,717
2020-12-17,9.0975,9.2,9.05,9.17,9.17,9130800,718
2020-12-18,9.2675,9.44,9.2275,9.35,9.35,11204000,719
2020-12-21,8.64,9.0025,8.605,8.885,8.885,22466000,720
2020-12-22,8.71,8.805,8.565,8.605,8.605,12806000,721
2020-12-23,8.735,9.1125,8.73,8.955,8.955,12182400,722
2020-12-24,8.89,9.0375,8.85,9.0325,9.0325,4099200,723
2020-12-28,9.0275,9.115,8.8325,8.8775,8.8775,11031600,724
2020-12-29,9.0625,9.08,8.91,8.9725,8.9725,6461200,725
2020-12-30,8.8725,9.1925,8.855,9.015,9.015,9372000,726
2020-12-31,8.925,9.11,8.8675,9.0675,9.0675,6795600,727
2021-01-04,9.085,9.235,8.68,8.75,8.75,19034800,728
2021-01-05,9.28,9.6475,9.28,9.5275,9.5275,22842800,729
2021-01-06,9.52,9.78,9.3075,9.5775,9.5775,14151600,730
2021-01-07,9.7375,9.84,9.6925,9.82,9.82,10457200,731
2021-01-08,10.0325,10.335,9.935,10.2975,10.2975,9293200,732
2021-01-11,9.99,10.295,9.955,10.22,10.22,7386000,733
2021-01-12,10.455,10.6475,10.405,10.585,10.585,7999600,734
2021-01-13,10.5125,10.7,10.4225,10.545,10.545,6622800,735
2021-01-14,10.4975,10.825,10.44,10.7925,10.7925,6654400,736
2021-01-15,10.4875,10.545,10.1425,10.2875,10.2875,10291600,737
2021-01-19,10.48,10.57,10.365,10.4925,10.4925,6857200,738
2021-01-20,10.7225,10.74,10.4425,10.49,10.49,6224400,739
2021-01-21,10.5425,10.63,10.425,10.5025,10.5025,4285600,740
2021-01-22,10.0225,10.405,10,10.19,10.19,8454800,741
2021-01-25,10.1075,10.425,10.065,10.3875,10.3875,6273200,742
2021-01-26,10.45,10.5075,10.27,10.3,10.3,4410800,743
2021-01-27,10.2925,10.57,10.06,10.325,10.325,7332800,744
2021-01-28,10.5675,10.6125,10.1725,10.1825,10.1825,7102000,745
2021-01-29,10.4125,10.475,10.1075,10.1475,10.1475,7302000,746
2021-02-01,10.4775,10.7125,10.19,10.67,10.67,9271200,747
2021-02-02,11.2,11.2025,11.0175,11.0775,11.0775,7318800,748
2021-02-03,11.2925,11.625,11.2875,11.4425,11.4425,10854400,749
2021-02-04,11.55,11.735,11.3025,11.6525,11.6525,7915200,750
2021-02-05,11.9675,12.0025,11.74,11.8825,11.8825,7991600,751
2021-02-08,12.0525,12.36,12.0525,12.3375,12.3375,7076800,752
2021-02-09,12.215,12.51,12.095,12.4825,12.4825,9056000,753
2021-02-10,12.5375,12.67,12.3875,12.545,12.545,10057200,754
2021-02-11,12.6,12.62,12.3075,12.3575,12.3575,7530800,755
2021-02-12,12.4,13.045,12.3825,12.96,12.96,10650800,756
2021-02-16,13.1325,13.315,13.0425,13.3,13.3,8105600,757
2021-02-17,13.1825,13.6125,13.0925,13.585,13.585,8328000,758
2021-02-18,13.705,13.73,13.0725,13.175,13.175,8244000,759
2021-02-19,13.1925,13.3375,12.7225,12.81,12.81,7027600,760
2021-02-22,13.3775,13.915,13.3775,13.8225,13.8225,8822000,761
2021-02-23,13.7525,14.1425,13.475,14.0775,14.0775,9464400,762
2021-02-24,14.2475,14.7,14.1775,14.6625,14.6625,8455200,763
2021-02-25,14.545,14.8325,14.4375,14.63,14.63,7299600,764
2021-02-26,14.3875,14.3975,13.7,13.8325,13.8325,5798400,765
2021-03-01,13.8425,14.03,13.1725,13.355,13.355,6657200,766
2021-03-02,13.605,13.6775,13.0275,13.0375,13.0375,5356000,767
2021-03-03,13.5625,14.0125,13.3275,13.6725,13.6725,5578400,768
2021-03-04,14.1075,15.0375,13.875,14.8,14.8,10950800,769
2021-03-05,15.4225,15.6975,15.325,15.6825,15.6825,7111200,770
2021-03-08,15.4675,15.575,15.055,15.1325,15.1325,7854400,771
2021-03-09,15.3175,15.3675,14.87,14.8975,14.8975,6244400,772
2021-03-10,15,15.315,14.7125,15.265,15.265,5033200,773
2021-03-11,15.4125,15.8375,15.2875,15.8075,15.8075,5216400,774
2021-03-12,15.665,15.8375,15.575,15.67,15.67,3680400,775
2021-03-15,15.4075,15.67,15.1125,15.615,15.615,5380800,776
2021-03-16,15.2025,15.5425,15.04,15.3975,15.3975,3664800,777
2021-03-17,15.33,15.5,15.0725,15.415,15.415,3269600,778
2021-03-18,14.945,14.995,12.8275,13.325,13.325,15807200,779
2021-03-19,13.545,14.21,13.2175,14.08,14.08,6680000,780
2021-03-22,14.2025,14.3275,13.965,14.0425,14.0425,3556400,781
2021-03-23,13.19,13.5925,12.615,12.7275,12.7275,9956800,782
2021-03-24,13.4575,14.0725,13.385,13.86,13.86,7354800,783
2021-03-25,13.265,13.35,12.555,12.8925,12.8925,8471600,784
2021-03-26,13.75,14.0375,13.6625,13.8725,13.8725,5810000,785
2021-03-29,13.6775,14.0575,13.475,14.0375,14.0375,4793200,786
2021-03-30,13.5725,13.865,13.4875,13.5875,13.5875,4057200,787
2021-03-31,13.4775,13.9275,13.025,13.2125,13.2125,6722000,788
2021-04-01,13.8425,14.305,13.2,14.1375,14.1375,7729600,789
2021-04-05,13.77,13.82,12.725,13.2325,13.2325,8526400,790
2021-04-06,13.7275,14.08,13.445,13.525,13.525,7071200,791
2021-04-07,13.4175,13.7225,13.045,13.6,13.6,5101600,792
2021-04-08,13.3975,13.5725,13.1725,13.475,13.475,3866400,793
2021-04-09,13.3625,13.5175,13.3,13.42,13.42,2020800,794
2021-04-12,13.815,13.975,13.5125,13.6125,13.6125,3876000,795
2021-04-13,13.88,13.9925,13.8125,13.95,13.95,3491200,796
2021-04-14,14.4275,15.1125,14.3275,14.915,14.915,6658400,797
2021-04-15,14.9075,15.1075,14.7775,14.99,14.99,4201600,798
2021-04-16,15.0575,15.0725,14.815,14.9075,14.9075,2992800,799
2021-04-19,14.96,15.1175,14.84,14.9675,14.9675,2884000,800
2021-04-20,14.995,15.0325,14.1525,14.56,14.56,3727600,801
2021-04-21,13.985,14.47,13.9625,14.03,14.03,4829600,802
2021-04-22,14.375,14.3775,13.96,14.255,14.255,3429200,803
2021-04-23,14.1425,14.5925,14.1125,14.505,14.505,1980400,804
2021-04-26,14.0975,14.55,14.0725,14.4175,14.4175,3076000,805
2021-04-27,14.685,14.97,14.5475,14.915,14.915,3232800,806
2021-04-28,15.1225,15.4275,15.0575,15.1775,15.1775,5024400,807
2021-04-29,15.7675,15.835,15.3575,15.595,15.595,4201200,808
2021-04-30,15.035,15.1325,14.8175,14.955,14.955,3538400,809
2021-05-03,15.145,15.475,15.125,15.4175,15.4175,4180800,810
2021-05-04,15.96,16.067499,15.6925,16.049999,16.049999,4573200,811
2021-05-05,16.297501,16.475,15.7525,15.92,15.92,4366800,812
2021-05-06,16.0725,16.092501,15.6325,15.83,15.83,2783200,813
2021-05-07,15.61,15.975,15.5125,15.8825,15.8825,3338800,814
2021-05-10,16.205,16.23,15.5425,15.95,15.95,4406000,815
2021-05-11,15.5825,16.272499,15.565,16.23,16.23,3942400,816
2021-05-12,16.385,16.8225,16.385,16.485001,16.485001,5108400,817
2021-05-13,15.5925,15.925,15.1375,15.4725,15.4725,6242400,818
2021-05-14,15.8925,16.08,15.82,16.025,16.025,3304800,819
2021-05-17,16.139999,16.475,16.115,16.467501,16.467501,3112400,820
2021-05-18,16.309999,16.4825,15.4725,16.105,16.105,6158400,821
2021-05-19,15.3175,15.3175,14.4675,15.115,15.115,8204000,822
2021-05-20,15.0075,15.07,14.4075,14.4725,14.4725,4669600,823
2021-05-21,15.1625,15.3375,15.05,15.305,15.305,3646800,824
2021-05-24,15.6925,16.25,15.57,16.1525,16.1525,4067200,825
2021-05-25,16.174999,16.334999,16.002501,16.094999,16.094999,2835600,826
2021-05-26,15.975,16.3475,15.9,16.295,16.295,2678000,827
2021-05-27,16.2775,16.5725,16.182501,16.5,16.5,3742000,828
2021-05-28,16.674999,16.7425,16.2125,16.415001,16.415001,2601200,829
2021-06-01,17.225,17.469999,16.797501,17.059999,17.059999,4675600,830
2021-06-02,17.225,17.51,17.08,17.4475,17.4475,2635600,831
2021-06-03,17.565001,17.5975,17.1625,17.5075,17.5075,2999600,832
2021-06-04,17.815001,17.8475,17.52,17.695,17.695,1688000,833
2021-06-07,17.754999,17.9,17.592501,17.7425,17.7425,1450400,834
2021-06-08,17.615,18.18,17.4,18.165001,18.165001,2980400,835
2021-06-09,18.247499,18.3225,17.844999,17.965,17.965,1842400,836
2021-06-10,18.262501,18.3825,17.452499,18.137501,18.137501,3208400,837
2021-06-11,18.192499,18.3825,18.1625,18.26,18.26,1464400,838
2021-06-14,18.5,18.6625,18.297501,18.450001,18.450001,1846800,839
2021-06-15,18.7075,18.9375,18.674999,18.934999,18.934999,2165600,840
2021-06-16,18.842501,19.262501,18.762501,18.775,18.775,3507600,841
2021-06-17,18.8675,18.922501,17.66,18.192499,18.192499,4526000,842
2021-06-18,18.055,18.625,18.055,18.387501,18.387501,2150000,843
2021-06-21,18.450001,19.135,18.387501,19.1,19.1,2840000,844
2021-06-22,19.0825,19.315001,18.955,19.200001,19.200001,1942000,845
2021-06-23,19.7125,19.8125,19.342501,19.459999,19.459999,2490000,846
2021-06-24,19.25,19.612499,19.1975,19.5725,19.5725,1737600,847
2021-06-25,19.692499,19.907499,19.237499,19.8675,19.8675,1745200,848
2021-06-28,19.7225,19.735001,19.219999,19.35,19.35,2402800,849
2021-06-29,19.65,19.795,19.299999,19.6,19.6,1788400,850
2021-06-30,19.625,19.9575,19.3925,19.557501,19.557501,2399600,851
2021-07-01,20.514999,20.647499,19.915001,20.075001,20.075001,3621600,852
2021-07-02,19.99,20.42,19.83,20.35,20.35,2044000,853
2021-07-06,20.075001,20.105,19.012501,19.485001,19.485001,4964000,854
2021-07-07,19.48,19.674999,18.217501,18.5275,18.5275,5000000,855
2021-07-08,18.6,19.1975,18.325001,19.195,19.195,2933200,856
2021-07-09,19.555,19.9575,19.512501,19.860001,19.860001,2378400,857
2021-07-12,19.514999,19.875,19.26,19.809999,19.809999,1689600,858
2021-07-13,20.0075,20.58,19.834999,20.5,20.5,2948800,859
2021-07-14,20.4925,20.5275,19.035,19.3825,19.3825,3690000,860
2021-07-15,18.959999,19.424999,18.875,18.9125,18.9125,2149600,861
2021-07-16,19.200001,19.3225,18.42,18.98,18.98,3176400,862
2021-07-19,17.844999,17.8675,16.145,16.497499,16.497499,9446800,863
2021-07-20,16.377501,17.0175,15.955,16.950001,16.950001,4234400,864
2021-07-21,17.559999,18.33,17.559999,18.2075,18.2075,4592400,865
2021-07-22,18.487499,19.025,18.23,18.83,18.83,2740800,866
2021-07-23,18.887501,19.112499,18.73,19.077499,19.077499,1569600,867
2021-07-26,18.9175,19.262501,18.7325,19.23,19.23,2265600,868
2021-07-27,19.192499,19.280001,18.7775,19.0975,19.0975,2289600,869
2021-07-28,19.2325,19.465,19.09,19.2675,19.2675,1496000,870
2021-07-29,19.6625,20.030001,19.575001,19.977501,19.977501,2077600,871
2021-07-30,20.02,20.262501,19.827499,19.977501,19.977501,2066000,872
2021-08-02,19.762501,19.82,18.4,18.834999,18.834999,4692400,873
2021-08-03,18.059999,18.6775,17.885,18.612499,18.612499,3474400,874
2021-08-04,17.7075,18.125,17.4175,17.432501,17.432501,5991200,875
2021-08-05,17.57,18.1325,17.5525,18.102501,18.102501,2493200,876
2021-08-06,18.3825,18.445,17.584999,17.7575,17.7575,3601600,877
2021-08-09,16.952499,17.102501,16.5175,17.0525,17.0525,4774400,878
2021-08-10,17.3025,18.025,17.2675,17.815001,17.815001,3007200,879
2021-08-11,17.469999,18.295,17.2575,18.2875,18.2875,3109600,880
2021-08-12,18.17,18.2925,17.8375,18.1325,18.1325,2084000,881
2021-08-13,18.1425,18.225,17.549999,17.6425,17.6425,2074400,882
2021-08-16,16.862499,17.514999,16.540001,17.362499,17.362499,3239600,883
2021-08-17,17.07,17.452499,16.85,17.014999,17.014999,2168800,884
2021-08-18,17.122499,17.192499,16.0975,16.139999,16.139999,4509200,885
2021-08-19,15.3825,15.79,15.025,15.71,15.71,7125600,886
2021-08-20,15.095,15.3875,14.7675,14.7725,14.7725,5473200,887
2021-08-23,16.0875,16.629999,16.075001,16.4025,16.4025,5562800,888
2021-08-24,16.987499,17.565001,16.969999,17.514999,17.514999,4219200,889
2021-08-25,17.475,17.950001,17.299999,17.815001,17.815001,3056400,890
2021-08-26,17.4025,17.8025,17.195,17.577499,17.577499,3273600,891
2021-08-27,17.9575,18.147499,17.895,18.0725,18.0725,2970800,892
2021-08-30,18.07,18.385,17.85,18.237499,18.237499,2836800,893
2021-08-31,18.09,18.325001,17.940001,18,18,1913200,894
2021-09-01,17.497499,18.1425,17.375,17.924999,17.924999,3678800,895
2021-09-02,18.727501,19.092501,18.66,18.6775,18.6775,4564400,896
2021-09-03,18.6775,18.8825,18.4275,18.51,18.51,2099200,897
2021-09-07,17.997499,18.297501,17.862499,18.0375,18.0375,2161200,898
2021-09-08,18.594999,18.6075,18.2125,18.370001,18.370001,2037200,899
2021-09-09,17.82,18.545,17.575001,17.7875,17.7875,3887600,900
2021-09-10,18.672501,18.700001,18.459999,18.557501,18.557501,2522800,901
2021-09-13,18.969999,19.1675,18.7875,19.01,19.01,2626800,902
2021-09-14,19.205,19.2225,18.6875,18.842501,18.842501,1876000,903
2021-09-15,19.622499,20.040001,19.6075,19.690001,19.690001,5333200,904
2021-09-16,19.612499,19.825001,19.23,19.7075,19.7075,2092000,905
2021-09-17,19.3925,19.532499,19.115,19.4,19.4,2011200,906
2021-09-20,18.852501,19.025,18.33,18.865,18.865,2750000,907
2021-09-21,18.93,18.9575,18.297501,18.870001,18.870001,1732800,908
2021-09-22,19.3475,19.665001,19.217501,19.4925,19.4925,1730800,909
2021-09-23,19.684999,20.215,19.6675,20.137501,20.137501,3146400,910
2021-09-24,20.0725,20.5625,20.0725,20.4375,20.4375,2966400,911
2021-09-27,21.217501,21.4375,21.120001,21.307501,21.307501,3558000,912
2021-09-28,21.7675,21.8125,20.807501,20.942499,20.942499,3584000,913
2021-09-29,21.0625,21.497499,20.817499,20.9175,20.9175,1497600,914
2021-09-30,20.475,21.66,20.190001,21.055,21.055,5585600,915
2021-10-01,21.155001,21.7775,20.9825,21.65,21.65,2236800,916
2021-10-04,22.309999,23.0625,22.309999,22.6075,22.6075,2792400,917
2021-10-05,23.1975,23.5375,23.08,23.5,23.5,2492400,918
2021-10-06,22.7925,22.795,22.1775,22.297501,22.297501,3146400,919
2021-10-07,22.1975,23.254999,21.987499,23.2425,23.2425,2480800,920
2021-10-08,23.555,23.764999,22.967501,23.24,23.24,2179600,921
2021-10-11,24.012501,24.235001,23.82,23.855,23.855,1899200,922
2021-10-12,23.977501,24.275,23.5825,23.860001,23.860001,1534800,923
2021-10-13,23.477501,24.1325,23.26,23.9625,23.9625,2662400,924
2021-10-14,24.317499,24.450001,23.91,24.397499,24.397499,1866000,925
2021-10-15,24.725,24.862499,24.3925,24.577499,24.577499,1515200,926
2021-10-18,25.01,25.1625,24.219999,24.395,24.395,2312000,927
2021-10-19,24.3375,25.0825,24.157499,24.6975,24.6975,1779200,928
2021-10-20,24.395,25.3575,24.25,25.295,25.295,2739600,929
2021-10-21,24.8025,25,23.785,24.577499,24.577499,3652400,930
2021-10-22,24.7425,24.9175,24.297501,24.9175,24.9175,1823200,931
2021-10-25,25.18,25.387501,24.815001,24.8575,24.8575,1877200,932
2021-10-26,25.067499,25.43,24.9175,25.2775,25.2775,1347600,933
2021-10-27,24.6425,25.049999,24.084999,24.092501,24.092501,2641200,934
2021-10-28,24.045,24.452499,23.6525,24.450001,24.450001,1831200,935
2021-10-29,24,24.379999,23.6625,24.122499,24.122499,1578400,936
2021-11-01,24.709999,24.775,24.375,24.4,24.4,1101600,937
2021-11-02,24.25,24.59,24.0825,24.459999,24.459999,835200,938
2021-11-03,23.4125,23.684999,22.612499,22.7775,22.7775,4234000,939
2021-11-04,24.297501,24.3825,22.3675,22.6175,22.6175,4171600,940
2021-11-05,23.2675,24.094999,22.93,23.924999,23.924999,2820400,941
2021-11-08,23.9925,24.4475,23.975,24.407499,24.407499,1310400,942
2021-11-09,24.4725,24.9375,24.25,24.9125,24.9125,1922800,943
2021-11-10,24.785,24.9725,23.352501,23.6625,23.6625,3026400,944
2021-11-11,23.752501,24.030001,23.262501,23.5725,23.5725,1420000,945
2021-11-12,23.24,23.6,23.094999,23.370001,23.370001,1831200,946
2021-11-15,22.9125,23.475,22.74,23.41,23.41,2230400,947
2021-11-16,23.424999,23.7875,23.1625,23.557501,23.557501,1258800,948
2021-11-17,23.309999,23.342501,22.217501,22.67,22.67,2638800,949
2021-11-18,23,23.25,22.5625,23.105,23.105,2867600,950
2021-11-19,22.5875,22.6875,21.5625,21.717501,21.717501,2564400,951
2021-11-22,21.9125,22.639999,21.8675,22.309999,22.309999,1861200,952
2021-11-23,23.105,23.809999,23.105,23.7575,23.7575,2640000,953
2021-11-24,23.43,23.895,23.4175,23.5175,23.5175,1376800,954
2021-11-26,20.682501,20.702499,17.625,18.370001,18.370001,10862000,955
2021-11-29,20.035,20.1675,18.445,18.817499,18.817499,7224800,956
2021-11-30,17.7575,18.0375,16.1,17.127501,17.127501,13076000,957
2021-12-01,17.940001,18.24,16.4725,16.627501,16.627501,6904800,958
2021-12-02,16.26,17.6625,16.004999,17.4575,17.4575,5779200,959
2021-12-03,18.442499,18.575001,17.030001,17.365,17.365,4570800,960
2021-12-06,18.055,19.219999,17.875,19.055,19.055,4686800,961
2021-12-07,19.629999,20.4825,19.6075,19.855,19.855,4857200,962
2021-12-08,19.995001,20.6325,19.9575,20.504999,20.504999,1922400,963
2021-12-09,20.16,20.25,19.442499,19.469999,19.469999,1814800,964
2021-12-10,19.98,20.25,19.6675,20.184999,20.184999,1802400,965
2021-12-13,19.862499,20.2875,19.635,19.790001,19.790001,1552800,966
2021-12-14,19.295,19.6,18.950001,19.370001,19.370001,1970400,967
2021-12-15,19.172501,19.905001,18.8675,19.83,19.83,2308800,968
2021-12-16,19.8125,20.4025,19.577499,19.959999,19.959999,1847600,969
2021-12-17,19.532499,19.6075,18.82,19.0975,19.0975,1792800,970
2021-12-20,17.887501,18.545,17.125,18.504999,18.504999,5342400,971
2021-12-21,19.182501,19.715,18.9825,19.672501,19.672501,2650000,972
2021-12-22,19.51,20.27,19.387501,20.245001,20.245001,2031600,973
2021-12-23,20.2775,20.83,20.1675,20.745001,20.745001,1825200,974
2021-12-27,20.6425,21.934999,20.514999,21.799999,21.799999,2442800,975
2021-12-28,22.0725,22.309999,21.8375,21.9375,21.9375,1552000,976
2021-12-29,21.827499,22.719999,21.715,22.27,22.27,2216800,977
2021-12-30,22.49,22.7925,22.25,22.2875,22.2875,1358400,978
2021-12-31,22.15,22.365,21.450001,21.695,21.695,1454000,979
2022-01-03,21.4375,22.360001,21.4,22.165001,22.165001,2436000,980
2022-01-04,22.535,23.084999,22.4625,22.727501,22.727501,1945600,981
2022-01-05,23.1625,23.372499,22.5275,22.5425,22.5425,2658000,982
2022-01-06,23.75,23.922501,23.42,23.6,23.6,2262800,983
2022-01-07,23.6775,23.7675,23.225,23.452499,23.452499,1541200,984
2022-01-10,23.432501,23.5875,22.780001,23.0375,23.0375,1866400,985
2022-01-11,23.65,24.695,23.3475,24.575001,24.575001,2857600,986
2022-01-12,24.77,25.3925,24.75,25.147499,25.147499,3184000,987
2022-01-13,25.299999,25.424999,24.615,24.655001,24.655001,1875600,988
2022-01-14,25.375,26.125,25.342501,26.02,26.02,2911200,989
2022-01-18,26.445,26.997499,26.237499,26.897499,26.897499,2794000,990
2022-01-19,27.184999,27.674999,26.8825,26.959999,26.959999,2477600,991
2022-01-20,27.102501,27.924999,26.6175,26.665001,26.665001,2314800,992
2022-01-21,26.852501,27.165001,26.1675,26.780001,26.780001,3143600,993
2022-01-24,26.045,26.285,25.067499,26.172501,26.172501,4170400,994
2022-01-25,26.014999,27.045,25.977501,26.82,26.82,1650000,995
2022-01-26,27.49,28.157499,27.192499,27.42,27.42,2134800,996
2022-01-27,28.299999,28.3125,27.15,27.577499,27.577499,1904000,997
2022-01-28,28.2325,28.525,27.202499,27.6625,27.6625,1680800,998
2022-01-31,27.865,28.0625,27.1425,28.022499,28.022499,1225200,999
2022-02-01,27.525,28.275,27.275,28.059999,28.059999,1436400,1000
2022-02-02,28.295,28.3575,27.4275,28.120001,28.120001,1520000,1001
2022-02-03,27.745001,29.200001,27.549999,28.969999,28.969999,1950800,1002
2022-02-04,29.932501,30.49,29.895,30.120001,30.120001,2281600,1003
2022-02-07,29.9475,30.352501,29.825001,30.0275,30.0275,1565600,1004
2022-02-08,29.174999,29.272499,28.362499,29.040001,29.040001,2338000,1005
2022-02-09,29.272499,29.77,29.059999,29.5975,29.5975,1859200,1006
2022-02-10,29.397499,30.4,29.08,29.379999,29.379999,2238800,1007
2022-02-11,29.8225,31.445,29.762501,30.932501,30.932501,3277600,1008
2022-02-14,30.245001,31.91,30.0975,31.43,31.43,3558400,1009
2022-02-15,29.445,29.612499,28.809999,29.5,29.5,3894000,1010
2022-02-16,30.209999,30.907499,28.809999,28.8225,28.8225,3703200,1011
2022-02-17,28.862499,29.672501,28.68,29.450001,29.450001,2620800,1012
2022-02-18,28.5375,30.172501,28.334999,30,30,3210000,1013
2022-02-22,31.924999,31.997499,30.4575,30.7125,30.7125,4155200,1014
2022-02-23,31.09,32.377499,30.875,31.389999,31.389999,3407200,1015
2022-02-24,34.950001,35,30.2075,31.3825,31.3825,7954000,1016
2022-02-25,30.7075,31.1875,29.6425,30.907499,30.907499,3374400,1017
2022-02-28,32.3675,33.057499,31.7575,32.360001,32.360001,4329600,1018
2022-03-01,34.932499,36.947498,34.727501,36.3675,36.3675,9554400,1019
2022-03-02,38.5625,40.557499,36.25,39.720001,39.720001,8168000,1020
2022-03-03,39.427502,41.0075,38.665001,39.474998,39.474998,6163200,1021
2022-03-04,41.889999,45,41.419998,44.345001,44.345001,7772800,1022
2022-03-07,44.875,47.787498,44.217499,46.755001,46.755001,9047600,1023
2022-03-08,49.192501,51.375,44.5,48.455002,48.455002,16346000,1024
2022-03-09,43.0075,44.209999,35,38.302502,38.302502,19306400,1025
2022-03-10,39.567501,39.9025,36.080002,37.6675,37.6675,6456000,1026
2022-03-11,38.567501,40.145,37.974998,39.8825,39.8825,6420800,1027
2022-03-14,37.512501,37.512501,35.642502,36.612499,36.612499,5370000,1028
2022-03-15,33.877499,35.025002,32.662498,33.400002,33.400002,7536800,1029
2022-03-16,35.200001,35.599998,32.599998,32.922501,32.922501,3401600,1030
2022-03-17,36.4375,38.224998,36.189999,37.502499,37.502499,4819200,1031
2022-03-18,37.982498,38.625,37.4175,38.392502,38.392502,2938800,1032
2022-03-21,40.817501,42.622501,40.66,42.529999,42.529999,3557600,1033
2022-03-22,41.834999,42.625,40.634998,41.6325,41.6325,2911600,1034
2022-03-23,44.0075,44.935001,43.557499,44.375,44.375,3268000,1035
2022-03-24,43.877499,43.9575,41.6875,42.162498,42.162498,3326000,1036
2022-03-25,41.122501,44.025002,40.752499,42.8675,42.8675,4338400,1037
2022-03-28,39.715,40.450001,36.755001,37.297501,37.297501,4628800,1038
2022-03-29,35.5425,39.427502,35.375,39.259998,39.259998,4305600,1039
2022-03-30,40.779999,41.422501,40.202499,40.799999,40.799999,2046400,1040
2022-03-31,39.695,40.709999,37.439999,38.325001,38.325001,4168800,1041
2022-04-01,38.060001,39.5,37.942501,39.125,39.125,2763600,1042
2022-04-04,41.3325,41.794998,40.25,41.4925,41.4925,2407200,1043
2022-04-05,41.952499,42.310001,39.3675,39.637501,39.637501,2498000,1044
2022-04-06,41.055,41.7225,37.5275,38.2575,38.2575,3746000,1045
2022-04-07,38.575001,39.060001,36.779999,38.7075,38.7075,3019200,1046
2022-04-08,38.192501,39.950001,37.939999,39.627499,39.627499,1444800,1047
2022-04-11,37.41,38.487499,36.922501,38.1675,38.1675,2308400,1048
2022-04-12,40.224998,41.407501,40.185001,41.067501,41.067501,2572000,1049
2022-04-13,42.1175,43.452499,40.805,43.262501,43.262501,2780800,1050
2022-04-14,42.165001,44.875,41.974998,43.977501,43.977501,2666400,1051
2022-04-18,45.055,45.907501,44.172501,44.5825,44.5825,2594000,1052
2022-04-19,42.195,42.217499,40.3475,40.68,40.68,3839200,1053
2022-04-20,41.657501,41.952499,39.7575,41.137501,41.137501,2199600,1054
2022-04-21,42.395,43.227501,41.157501,42.119999,42.119999,2468800,1055
2022-04-22,40.892502,41.407501,39.955002,39.982498,39.982498,1718000,1056
2022-04-25,36.630001,38.900002,36.002499,38.587502,38.587502,2888400,1057
2022-04-26,39.290001,40.5,38.262501,39.955002,39.955002,1887200,1058
2022-04-27,38.814999,40.099998,38.525002,39.805,39.805,1365600,1059
2022-04-28,39.75,41.1875,39.34,41.0425,41.0425,1952800,1060
2022-04-29,41.727501,42.4725,39.869999,40.0425,40.0425,1855600,1061
2022-05-02,38.66,41.392502,38.18,41.34,41.34,1811600,1062
2022-05-03,40.02,40.834999,39.272499,39.91,39.91,1390800,1063
2022-05-04,42.3325,43.665001,41.744999,43.177502,43.177502,4661600,1064
2022-05-05,45.025002,45.18,42.25,43.447498,43.447498,2492400,1065
2022-05-06,44.552502,45.182499,43.247501,45.0275,45.0275,2182800,1066
2022-05-09,42.7775,42.967499,39.365002,39.665001,39.665001,3126000,1067
2022-05-10,40.127499,40.400002,37.612499,37.814999,37.814999,2048400,1068
2022-05-11,40.737499,41.939999,40.25,41.1525,41.1525,2044400,1069
2022-05-12,41.247501,42.25,40.75,42.044998,42.044998,1470000,1070
2022-05-13,43,43.982498,42.580002,43.862499,43.862499,1736400,1071
2022-05-16,43.465,45.7225,43.395,45.424999,45.424999,2094000,1072
2022-05-17,45.317501,45.895,43.125,43.380001,43.380001,1636000,1073
2022-05-18,44.285,44.337502,40.779999,41.467499,41.467499,2063600,1074
2022-05-19,40.7425,43.400002,40.682499,42.610001,42.610001,1694800,1075
2022-05-20,43.205002,43.762501,42.220001,43.587502,43.587502,1199600,1076
2022-05-23,43.369999,44.325001,42.955002,44.0975,44.0975,2997200,1077
2022-05-24,44.352501,45.162498,43.685001,44.3825,44.3825,1208800,1078
2022-05-25,44.5825,45.002499,43.9375,44.845001,44.845001,976400,1079
2022-05-26,45.459999,47.400002,45.400002,46.950001,46.950001,2072900,1080
2022-05-27,46.549999,47.84,46.369999,47.830002,47.830002,929600,1081
2022-05-31,50.25,50.560001,46.779999,47.799999,47.799999,2049200,1082
2022-06-01,48.970001,49.389999,47.849998,47.93,47.93,1058600,1083
2022-06-02,48.34,50,47.84,49.799999,49.799999,1339300,1084
2022-06-03,49.68,52.169998,49.439999,52.07,52.07,1574000,1085
2022-06-06,51.700001,51.830002,50.52,51.080002,51.080002,1113200,1086
2022-06-07,51.619999,53.279999,51.09,53.139999,53.139999,1513200,1087
2022-06-08,53.639999,55.689999,52.970001,55.490002,55.490002,1695400,1088
2022-06-09,54.450001,55.09,54.130001,54.57,54.57,1047000,1089
2022-06-10,53.400002,54,51.5,53.389999,53.389999,1778000,1090
2022-06-13,52.389999,54.509998,50.529999,53.650002,53.650002,2081400,1091
2022-06-14,54.330002,55.279999,50.23,51.419998,51.419998,1735300,1092
2022-06-15,50.959999,51.939999,49.110001,49.790001,49.790001,1549900,1093
2022-06-16,49.529999,51.610001,47.900002,50.540001,50.540001,1857800,1094
2022-06-17,49.32,49.560001,44.349998,45.77,45.77,4249600,1095
2022-06-21,46.91,47.779999,46.060001,46.490002,46.490002,1099700,1096
2022-06-22,41.009998,44.610001,40.68,43.130001,43.130001,2774600,1097
2022-06-23,43.82,44.049999,40.68,40.720001,40.720001,1918900,1098
2022-06-24,41.939999,43.849998,41.400002,42.830002,42.830002,1367200,1099
2022-06-27,42.959999,44.990002,42.060001,44.540001,44.540001,1403200,1100
2022-06-28,45.889999,47.099998,45.25,46.650002,46.650002,1601600,1101
2022-06-29,47.740002,48.32,44.610001,44.610001,44.610001,1665700,1102
2022-06-30,43.650002,43.869999,41.48,41.860001,41.860001,1634500,1103
2022-07-01,43.450001,43.700001,42.169998,42.970001,42.970001,1110900,1104
2022-07-05,39.549999,39.560001,34.259998,35.599998,35.599998,5412700,1105
2022-07-06,34.34,35.060001,32.549999,34.599998,34.599998,4066700,1106
2022-07-07,36.919998,38.290001,36.75,37.18,37.18,2698000,1107
2022-07-08,39.330002,39.599998,37.84,39.200001,39.200001,2621400,1108
2022-07-11,38.490002,39.790001,37.34,39.080002,39.080002,1233100,1109
2022-07-12,35.630001,36.139999,33.689999,33.939999,33.939999,3596500,1110
2022-07-13,34.240002,35.450001,33.43,34.34,34.34,2928300,1111
2022-07-14,32.439999,34.299999,31.02,33.860001,33.860001,3834200,1112
2022-07-15,34.91,35.43,34.02,34.650002,34.650002,2251600,1113
2022-07-18,37.68,38.169998,37.23,37.419998,37.419998,2246800,1114
2022-07-19,36.66,38.700001,36.650002,38.57,38.57,1473900,1115
2022-07-20,37.77,38.82,37.16,38.25,38.25,1554600,1116
2022-07-21,36.09,37.049999,35.52,36.290001,36.290001,1794500,1117
2022-07-22,36.119999,37.34,35.369999,35.48,35.48,1625200,1118
2022-07-25,36.66,37.259998,35.900002,37.049999,37.049999,1595900,1119
2022-07-26,38.110001,38.240002,35.990002,36.169998,36.169998,1115200,1120
2022-07-27,37.369999,39.099998,36.560001,38.82,38.82,1762000,1121
2022-07-28,39.310001,39.439999,37.470001,38.139999,38.139999,1925200,1122
2022-07-29,39.98,41.200001,38.919998,38.970001,38.970001,1582600,1123
2022-08-01,35.830002,36.650002,35.09,36.279999,36.279999,2612200,1124
2022-08-02,37.23,38.48,36.540001,37.150002,37.150002,2961100,1125
2022-08-03,37.580002,37.82,34.75,35,35,3023000,1126
2022-08-04,34.34,35.040001,32.509998,32.950001,32.950001,4536600,1127
2022-08-05,32.009998,34.419998,31.98,32.98,32.98,2613100,1128
2022-08-08,33.130001,35.009998,33.040001,34.880001,34.880001,2107700,1129
2022-08-09,35.52,36.16,34.040001,34.849998,34.849998,1697200,1130
2022-08-10,34.66,36.220001,33.009998,35.639999,35.639999,3239800,1131
2022-08-11,37.040001,38.049999,36.240002,37.43,37.43,2217500,1132
2022-08-12,36.560001,36.68,35.599998,36.27,36.27,2289800,1133
2022-08-15,32.91,34.720001,32.720001,34.330002,34.330002,3066900,1134
2022-08-16,34.099998,35.169998,32.259998,32.84,32.84,3091300,1135
2022-08-17,33.189999,34.540001,32.669998,33.509998,33.509998,2438900,1136
2022-08-18,34.849998,35.990002,34.619999,35.419998,35.419998,2527500,1137
2022-08-19,35.259998,36.490002,35.049999,35.290001,35.290001,1808300,1138
2022-08-22,34.07,35.919998,32.869999,35.880001,35.880001,3207500,1139
2022-08-23,36.939999,38.290001,36.91,37.84,37.84,1884400,1140
2022-08-24,37.830002,38.950001,37.23,38.939999,38.939999,2397700,1141
2022-08-25,39.290001,39.299999,36.82,37.450001,37.450001,1901200,1142
2022-08-26,36.5,37.099998,35.75,36.73,36.73,1488200,1143
2022-08-29,37.82,39.630001,37.580002,39.360001,39.360001,2103900,1144
2022-08-30,37.360001,37.5,35.209999,36.25,36.25,3727300,1145
2022-08-31,34.860001,35.900002,34.049999,34.119999,34.119999,2154000,1146
2022-09-01,33.169998,33.740002,31.969999,32.110001,32.110001,3399600,1147
2022-09-02,34,34.060001,32.400002,32.509998,32.509998,2286100,1148
2022-09-06,33.27,33.389999,32.279999,32.549999,32.549999,2505700,1149
2022-09-07,30.73,31.129999,29.32,29.35,29.35,5302500,1150
2022-09-08,29.940001,30.549999,29.280001,29.629999,29.629999,3009400,1151
2022-09-09,31.41,32.5,31.18,32.139999,32.139999,2034800,1152
2022-09-12,33.369999,33.849998,32.919998,33.240002,33.240002,1915400,1153
2022-09-13,32.990002,33.5,31.24,32.98,32.98,2198700,1154
2022-09-14,33.650002,34.18,33.009998,33.419998,33.419998,1594100,1155
2022-09-15,31.98,32.009998,30.43,30.75,30.75,2450600,1156
2022-09-16,31.1,31.42,30.360001,30.67,30.67,1761400,1157
2022-09-19,28.860001,30.940001,28.75,30.76,30.76,1771700,1158
2022-09-20,30.360001,30.370001,29.4,29.99,29.99,1756900,1159
2022-09-21,30.98,31.09,29.08,29.540001,29.540001,2790200,1160
2022-09-22,30.940001,31.27,29.440001,29.790001,29.790001,2478300,1161
2022-09-23,27.4,27.42,26.4,26.85,26.85,4061300,1162
2022-09-26,26.870001,27.549999,25.120001,25.139999,25.139999,3618800,1163
2022-09-27,25.940001,26.870001,25.379999,25.969999,25.969999,3054400,1164
2022-09-28,26.59,28.030001,26.35,27.84,27.84,2530300,1165
2022-09-29,27.9,28.23,27.129999,27.52,27.52,1697800,1166
2022-09-30,26.620001,27.299999,25.98,26.26,26.26,2702900,1167
2022-10-03,28.709999,28.93,27.73,28.200001,28.200001,3204100,1168
2022-10-04,29.68,30.4,29.27,30.059999,30.059999,3539600,1169
2022-10-05,30.809999,31.66,29.82,31.629999,31.629999,4449800,1170
2022-10-06,31.35,32.700001,31.26,32.68,32.68,1891300,1171
2022-10-07,32.900002,34.950001,32.869999,34.169998,34.169998,2845900,1172
2022-10-10,34.389999,35.130001,32.82,32.98,32.98,1353400,1173
2022-10-11,31.91,32.32,30.82,31.120001,31.120001,1740900,1174
2022-10-12,30.9,31.01,29.9,30.5,30.5,1180700,1175
2022-10-13,30.1,32.099998,30.030001,31.780001,31.780001,1436400,1176
2022-10-14,30.889999,31.16,29.639999,29.969999,29.969999,2201500,1177
2022-10-17,30.93,31.129999,29.74,30.02,30.02,1623000,1178
2022-10-18,29.559999,29.889999,28.389999,29.15,29.15,2081700,1179
2022-10-19,29.309999,30.540001,29.059999,30.1,30.1,1356800,1180
2022-10-20,30.84,31.43,29.75,30.120001,30.120001,1735100,1181
2022-10-21,30.08,30.700001,29.48,30.360001,30.360001,907600,1182
2022-10-24,30.1,30.91,29.84,30.35,30.35,1566600,1183
2022-10-25,30.5,31.16,30.18,30.549999,30.549999,1500000,1184
2022-10-26,31.129999,32.470001,31.1,32.34,32.34,1524000,1185
2022-10-27,32.830002,33.189999,32.369999,32.889999,32.889999,1624100,1186
2022-10-28,32.049999,32.5,31.459999,32.110001,32.110001,1378800,1187
2022-10-31,31,32.07,30.469999,31.24,31.24,2203200,1188
2022-11-01,32.950001,33.080002,32.110001,32.459999,32.459999,1965000,1189
2022-11-02,32.459999,34.009998,32.23,33.34,33.34,1186600,1190
2022-11-03,32.490002,33.310001,32.310001,32.75,32.75,1020700,1191
2022-11-04,35.470001,35.779999,34.619999,35.490002,35.490002,1718100,1192
2022-11-07,35.52,36.23,35.040001,35.41,35.41,1137800,1193
2022-11-08,35.200001,35.450001,33.310001,33.650002,33.650002,1419700,1194
2022-11-09,32.450001,32.52,31.209999,31.32,31.32,1677500,1195
2022-11-10,31.27,32.310001,30.889999,31.67,31.67,1376900,1196
2022-11-11,33.529999,34.060001,32.900002,33.470001,33.470001,1566600,1197
2022-11-14,32.84,33.73,31.57,31.610001,31.610001,1707300,1198
2022-11-15,31.84,34.029999,31.4,32.790001,32.790001,2295100,1199
2022-11-16,31.809999,32.07,31.030001,31.639999,31.639999,1795700,1200
2022-11-17,30.92,31.18,29.58,30.27,30.27,2638500,1201
2022-11-18,28.389999,29.459999,28.139999,29.4,29.4,5456600,1202
2022-11-21,27.629999,29.790001,26.629999,29.549999,29.549999,7116600,1203
2022-11-22,30.25,30.790001,29.959999,30.23,30.23,2467900,1204
2022-11-23,28.66,28.959999,27.9,28.440001,28.440001,4132500,1205
2022-11-25,29.030001,29.290001,27.92,28.040001,28.040001,2150900,1206
2022-11-28,26.73,28.59,26.57,27.969999,27.969999,3400100,1207
2022-11-29,29.25,29.73,28.209999,29.139999,29.139999,2939500,1208
2022-11-30,30.639999,30.85,30.110001,30.76,30.76,2527200,1209
2022-12-01,31.809999,32.139999,30.73,30.809999,30.809999,1829600,1210
2022-12-02,30.940001,31.35,30.01,30.57,30.57,1805000,1211
2022-12-05,31.93,32.110001,28.49,28.860001,28.860001,3735900,1212
2022-12-06,28.290001,28.559999,26.280001,26.83,26.83,4690900,1213
2022-12-07,27.030001,27.299999,25.26,25.629999,25.629999,4139700,1214
2022-12-08,26.18,26.23,24.6,24.870001,24.870001,4120500,1215
2022-12-09,25.139999,25.620001,24.26,25.01,25.01,5749000,1216
2022-12-12,25.219999,26.26,25.129999,26.16,26.16,4868400,1217
2022-12-13,26.73,27.58,26.67,27.190001,27.190001,3224400,1218
2022-12-14,27.82,28.49,27.280001,28.26,28.26,2897600,1219
2022-12-15,27.82,27.93,26.860001,27.23,27.23,2876900,1220
2022-12-16,25.85,26.9,25.65,26.200001,26.200001,3369600,1221
2022-12-19,26.950001,27.35,26.17,27.059999,27.059999,2159900,1222
2022-12-20,26.91,27.629999,26.120001,27.209999,27.209999,1716100,1223
2022-12-21,28.32,28.66,28.1,28.610001,28.610001,2003200,1224
2022-12-22,28.91,29,27.559999,28.27,28.27,1344100,1225
2022-12-23,29.26,29.76,29.190001,29.6,29.6,1701100,1226
2022-12-27,29.870001,30.610001,29.469999,29.85,29.85,1849100,1227
2022-12-28,29.629999,29.65,28.280001,29.1,29.1,1948700,1228
2022-12-29,28.27,29.030001,28.08,28.98,28.98,1798000,1229
2022-12-30,28.85,30.42,28.85,30.309999,30.309999,1420400,1230
2023-01-03,29.129999,29.91,27.9,28.32,28.32,1954300,1231
2023-01-04,26.73,26.73,25.48,25.75,25.75,4195500,1232
2023-01-05,25.799999,26.809999,25.48,26.059999,26.059999,2204200,1233
2023-01-06,26.860001,27.18,25.870001,26.139999,26.139999,1901300,1234
2023-01-09,27.43,28.040001,26.690001,27.02,27.02,1418800,1235
2023-01-10,27.27,27.59,26.49,27.030001,27.030001,1076000,1236
2023-01-11,28,28.780001,27.440001,28.65,28.65,1411800,1237
2023-01-12,29.459999,29.65,28.940001,29.09,29.09,877500,1238
2023-01-13,29.65,30.280001,29.299999,30.25,30.25,1512300,1239
2023-01-17,30.91,31.15,29.700001,30.82,30.82,2286500,1240
2023-01-18,31.440001,31.809999,29.610001,29.780001,29.780001,1743800,1241
2023-01-19,30.34,31.120001,29.91,30.66,30.66,1009800,1242
2023-01-20,30.959999,31.440001,30.16,31.440001,31.440001,920900,1243
2023-01-23,31.700001,32.080002,31.32,31.450001,31.450001,1246600,1244
2023-01-24,31.58,31.58,30.09,30.389999,30.389999,1649000,1245
2023-01-25,30.540001,31.040001,29.860001,30.549999,30.549999,942700,1246
2023-01-26,31.49,31.58,30.35,30.91,30.91,1182700,1247
2023-01-27,31.549999,31.6,29.42,29.639999,29.639999,1979400,1248
2023-01-30,29.01,29.98,28.43,28.51,28.51,1577000,1249
2023-01-31,28.290001,29.549999,28.16,29.5,29.5,1480500,1250
2023-02-01,29.370001,29.57,27.389999,27.879999,27.879999,3016500,1251
2023-02-02,27.639999,27.99,26.709999,27.26,27.26,2876500,1252
2023-02-03,27.360001,28.67,25.469999,25.530001,25.530001,6266200,1253
2023-02-06,26.040001,26.370001,24.950001,26.34,26.34,3205300,1254
2023-02-07,26.65,28.139999,26.610001,28.1,28.1,3309600,1255
2023-02-08,28.559999,28.91,27.950001,28.83,28.83,1747300,1256
2023-02-09,28.219999,28.66,27.540001,28.219999,28.219999,2383200,1257